SHA256,Type,C2
61dd71441a2b4955467243e986c38f1ea543bae7b1546f003c4a30074dd6c04e,DOMAIN,baiwu123.e2.luyouxia.net
cabc45f1dab04be3fc63192d98324d2665599a6d6ea2f0277ecd27a62fb694f3,DOMAIN,123zhang123.e1.luyouxia.net
79b87d7accc9cbd1414b72ca13c48a385be9cb06c1bb53d845e94107b579bf62,DOMAIN,7706d61f16.zicp.fun
4b84283c40560991da34ef2b465a4724facd0932acebff60466d8d5ff1916bd5,DOMAIN,s1567749.e1.luyouxia.net
75c12ccacd764101736b213981355b39056227929214c8963e9bf3ea5a60f6ef,DOMAIN,binzai.e3.luyouxia.net
1648bea3c1c3b00e7f9c9bf7f65be833fa7f291f0e05a342382e9e36f0350c60,DOMAIN,7706d61f16.zicp.fun
b23e4ea87917a517565de8471a101ab55c2a31186c8a23e9e8af71b359d35aa9,DOMAIN,yk.tym.pw
65235e5bd2f9b30e2b272602a83a8f3805cfca50252da8a79e279f232a6d3990,DOMAIN,bj-1.lcf.icu
ecc3971af558300b451a87b51d0324737174ea1993d8aa7424078fb1bd97ffb3,DOMAIN,bj-1.lcf.icu
f9497f07d69b043501cc52bf2db7828abad35a14bd95bb05e6b5ab9e4408de4e,IPV4:PORT,20.195.166.5:30120
48f61821feeaa45c53daaeb567e142ce9614d131dcf886506a31bf0ba2d75c45,IPV4:PORT,193.161.193.99:27573
f6ad1568aa318f7d27c41ce47b5b3a1a2aceb0fb470d7528117364b67463501e,IPV4:PORT,3.127.59.75:11670
f6ad1568aa318f7d27c41ce47b5b3a1a2aceb0fb470d7528117364b67463501e,IPV4:PORT,3.127.59.75:4824
d0e7f2c67877f06c0e8854b1a37f6f04d181537d77e242f46401415da17f9b03,IPV4:PORT,91.137.64.248:19102
8ef5c7eaa352e547c2e0de266844122ab471cd2ac73a9388b4f1416b2ac8c840,IPV4:PORT,196.115.8.54:1288
d845bc06b40c5810390a226e0608090aa7ea67f603af8bbd4f00318102bb8b7d,IPV4:PORT,109.123.237.143:4449
d845bc06b40c5810390a226e0608090aa7ea67f603af8bbd4f00318102bb8b7d,IPV4:PORT,109.123.237.143:2247
b9b75fe8ce464a4ae9c0578741718777da09646ea89f42ac3663cbf365681b3d,IPV4:PORT,213.52.130.95:9200
b9b75fe8ce464a4ae9c0578741718777da09646ea89f42ac3663cbf365681b3d,IPV4:PORT,213.52.130.95:1337
a9e8b6b187c3bbfccfec6266b95c079bf27752d22bcd04c97df8a62f4a6dcd59,IPV4:PORT,121.127.233.181:4449
4c69911de167a507a1c6effb9724ab72ca0026d1fdfa9c747f70800abdbcbbe5,IPV4:PORT,121.127.233.181:4449
9e8f792af1587b867f477863e2c19d7443f2926ba1e933cf073dcdc68a748dad,IPV4:PORT,146.90.154.118:4449
78a11a10e8d26f98221c9981f1d35b91ce67714a044400fe9933756435b4b690,IPV4:PORT,43.205.210.118:4449
997a1ea14695bc0275446cd35e362ae48a4f3a6f108d91fea49ba1c83803edd1,IPV4:PORT,185.106.94.165:4449
997a1ea14695bc0275446cd35e362ae48a4f3a6f108d91fea49ba1c83803edd1,IPV4:PORT,185.106.94.165:2323
997a1ea14695bc0275446cd35e362ae48a4f3a6f108d91fea49ba1c83803edd1,IPV4:PORT,91.192.100.61:4449
997a1ea14695bc0275446cd35e362ae48a4f3a6f108d91fea49ba1c83803edd1,IPV4:PORT,91.192.100.61:2323
b0e1d8b8115f50b5e89ad950bb7f9d6df0c540c3eb8706656de8c3eb8992a690,IPV4:PORT,20.150.193.28:4449
01e6b908524ccacf46770da7a42cf387308744203cf6a40ad2646f54df4ebc51,IPV4:PORT,5.230.54.132:4449
e385ca9528fb9e5fd4701e5bdb0e6e4f8052abf34f2b7e8e6a7f7bc0873aab86,IPV4:PORT,185.221.67.43:4449
cb4ac8a2838e954946f2e4df7fc742ba9e87670623adf628f51b0938616c6cd2,IPV4:PORT,185.221.67.43:4449
8110ec3aae9084715ddbee84323ac2bb826633e42c8880a97d99234fe1ae2c90,IPV4:PORT,121.127.233.181:4449
1ae0893f36c3777bdaf9fb593ee2673ed9af8f7eb2e2bf8384590325b8e7b0b6,IPV4:PORT,193.161.193.99:1194
1ae0893f36c3777bdaf9fb593ee2673ed9af8f7eb2e2bf8384590325b8e7b0b6,IPV4:PORT,193.161.193.99:27573
782f0ba3ba38e03e50de05fae93adc5e1180f996c77c38ebf0277819cd77a8f2,IPV4:PORT,93.82.44.26:4040
e738d54c43f09a0d881fa58322871221f95b4b47f49c0c86c4a7c4eb5144507b,IPV4:PORT,45.123.56.33:4449
19554d3c701bb2d8c3d86adaabc4843b400278cb5d0a013c18ebeb5e20a2e8a0,IPV4:PORT,147.185.221.16:10735
9930549f9e60b008591223a55db10371087b97dc773313f4adef00dafe3b7b7a,IPV4:PORT,146.70.50.106:3222
e08a92dbf9154f692f25c2ea5e73ec0b44328c994dfc634b29d6ecdf27a0e6a5,IPV4:PORT,36.73.32.123:4449
391dfe8dc2ddf702e96ce93e1aa943dab8c675dd5d0c22862d1e542a1395a0b2,IPV4:PORT,95.214.26.78:5566
16654ceee283193ddd42979063835024dec2ed28975467e09d6d1589812b672b,IPV4:PORT,91.134.187.20:4449
8a7539fbc3e562b7f66d54280bc606d9ea122fe6313a5f2019fbbff4987fcaec,IPV4:PORT,209.25.140.211:42417
bc102347cc0d5e5df45ca8e186d1c675a9e7834c7ffcad5b29111c56c6c1c781,IPV4:PORT,104.220.158.189:7788
bc102347cc0d5e5df45ca8e186d1c675a9e7834c7ffcad5b29111c56c6c1c781,IPV4:PORT,104.220.158.189:4449
b91b0b2ec47b8ce7c80091c7cb86c60ef7c7589b9e28c0a085f7b2d8321ccc65,IPV4:PORT,104.220.158.189:7788
5e0e8a79df502b7fa1c66e374ef1770c918fa33d2e14edaa3cfa995c22f6ba67,IPV4:PORT,193.161.193.99:80
5e0e8a79df502b7fa1c66e374ef1770c918fa33d2e14edaa3cfa995c22f6ba67,IPV4:PORT,193.161.193.99:4449
5e0e8a79df502b7fa1c66e374ef1770c918fa33d2e14edaa3cfa995c22f6ba67,IPV4:PORT,193.161.193.99:64084
51ef7e7b05a5cfccdbffcd2801d350f86a6e6b7e1a331f1ee6bdba48dd9a1b6b,IPV4:PORT,92.158.105.84:4449
544ceadee757881e95dc24304aabd06eec4c3b473516fe697c670ba0a45c9f5e,IPV4:PORT,206.238.115.213:8888
16467a6c8fd85783e8557dfc5401388c76836326da0228144af0dae5de231486,IPV4:PORT,85.209.176.47:4449
f6e0f4b3c428409d1d9899460adfdee8b37ce64c07b0326771d2606500bccb15,IPV4:PORT,168.182.176.153:4449
f6e0f4b3c428409d1d9899460adfdee8b37ce64c07b0326771d2606500bccb15,IPV4:PORT,168.182.176.153:8080
ab232d7c7ea2f11e780413740b1b8ca071438355cd7ff7e792f7ef7157d8f565,IPV4:PORT,177.102.219.156:4449
76f5749e5f9e7e0037031c8b2fa2419cd92b867227780c2248964c4d09e468c1,IPV4:PORT,185.24.9.195:555
cbbe73e6ca5ab7c4eec13be4769b3366be38e8b344947e790a9f9e4cce54061d,IPV4:PORT,147.185.221.181:2044
eadafecc16b5f5ab72aa6d2740546bf2825f3419eaf1fd199e1f0dd52962314b,IPV4:PORT,90.105.113.79:4449
ca7ac3c5d690237034de9c180a94ec1e5eff39f44d5af49b94f343efc4250677,IPV4:PORT,91.134.187.22:4449
6d8f6a15ee5a27f768e8af242d2732ba926151c521aca5d66879305695ba47fe,IPV4:PORT,20.231.13.19:4449
9e53e745ab683bd2ffca7988eb08ebd6005af075b6e62d55188e712a342e73ba,IPV4:PORT,173.212.192.72:3434
9e53e745ab683bd2ffca7988eb08ebd6005af075b6e62d55188e712a342e73ba,IPV4:PORT,173.212.192.72:3435
1dc71b46c509252a5f2cc72ebd40f0d888e3e7ee3196d873f6986364002372f0,IPV4:PORT,146.70.83.154:4449
9d2a1eb397980b3d978675276cdb817d0f0f35fe102fa19c817ef783a7e4c573,IPV4:PORT,193.161.193.99:56777
df220d9554ec9ab915e92134c73b9cd98380f154ab706d032cc68267624deaae,IPV4:PORT,193.149.185.42:4545
ac9de65cc678831d1f406edbd51715c45152c1cce8e44ba065d3d141bc7b286c,IPV4:PORT,37.222.178.27:3305
ac9de65cc678831d1f406edbd51715c45152c1cce8e44ba065d3d141bc7b286c,IPV4:PORT,37.222.178.27:4449
ac9de65cc678831d1f406edbd51715c45152c1cce8e44ba065d3d141bc7b286c,IPV4:PORT,37.222.178.27:3306
851370682c7794afd13e02841864c86413b2d1dcd733ce65677d959bf3a5d246,IPV4:PORT,121.127.233.181:4449
c30cdc97978e54aacda0fd11e79598b1989fa374806988fdc38fac7b3a31dcb7,IPV4:PORT,141.95.71.203:4449
8fd77183576345c65f9d1fc2b9b28ea3362d70ea5ab7754f665ae9788d5eb19d,IPV4:PORT,80.170.28.14:4449
4a49838629b46b6e66822a9670c9fdee138150ba3a33b247a8592820491a8ff0,IPV4:PORT,111.242.191.104:4449
7ae2574e19f7133f8fc723343e1e36272dcac6b0993e0d26ad5e4820f37d43fe,IPV4:PORT,95.214.26.61:4488
0b871f5c6c18be1af4fe8aaaf36c5e58fc8c066f7324511af1ed446785758f66,IPV4:PORT,144.138.71.99:6066
bae96a3d4f4c63e74be0aeb2e79a15062a0c7e08401ed27b5b72258c12923eb7,IPV4:PORT,144.138.71.99:6066
85e25302598e95579773a8e313d74b420ff49464da8ee6792d17658f5a3af6d7,IPV4:PORT,209.25.140.211:21055
53d5de9850423b0996ca88db875b92aa302042adeb0ef588dce8557e8645455f,IPV4:PORT,87.121.221.16:4449
b210f104b7acc95a99e42be6869bb56eb8c9a7e94023aa7f56c57448d7455aea,IPV4:PORT,85.237.227.56:4449
52b4ba2897e76a43cce1777d61997be9ef901ffb84e0bbcd5f7dec17d814d91a,IPV4:PORT,198.44.168.246:4449
b2ece99af7067966cc35a2116b5a1125c0b99a2f7372be6c9e33b0da5f755b27,IPV4:PORT,223.165.6.30:3333
548547762c1b9db4dc83fe9a15d7be23adfc21b55129759167f2bbf0001c8cc4,IPV4:PORT,121.127.233.181:4449
3dd9432b10488a43c2b68927b16738d03efe2edd819679354e8c5034a6dd8013,IPV4:PORT,90.132.25.80:4449
078afa2a896493d987cd4268f77c850c1bb8c08fc197806ef8dbf764477acca7,IPV4:PORT,46.153.131.183:6666
67efdd604029baf36fb0408ad1c13a655fdcf2a113429d22760cf8bcf3ea6d75,IPV4:PORT,193.161.193.99:1194
67efdd604029baf36fb0408ad1c13a655fdcf2a113429d22760cf8bcf3ea6d75,IPV4:PORT,193.161.193.99:4449
d8e5ec45ee3c09bb2f699f4ff25546d240a0fb23e6ded33521c4e9c74fde5d92,IPV4:PORT,206.189.80.59:22317
697e056359d61d8dfb60dfd8251dbe50f6caa5f05949c54d54bda3ad9bffc561,IPV4:PORT,179.174.51.167:5052
697e056359d61d8dfb60dfd8251dbe50f6caa5f05949c54d54bda3ad9bffc561,IPV4:PORT,179.174.51.167:4449
2c548e59eb8e7465af577ec83c8104125e0448e244a976370f1509c2396f0d58,IPV4:PORT,18.133.225.113:32431
fbfe249bf58de6339a994008be4c8874f7cc396a91589d66ce0166dcd7ec6ad0,IPV4:PORT,193.161.193.99:33360
6fd3fc01a78e75cddd2f9d899b2537de9978adeccc93c99c23198f456ba6257b,IPV4:PORT,154.47.25.194:1987
b71c04a5dbd24bcc73c8788aacdf60535f38eb8704c51a2a64b4a419f006dfb6,IPV4:PORT,147.185.221.16:24582
fb6d0b608bd0d25bdb83f5a6dc1a196129b449b4ac3ea5b929535f539f9af19f,IPV4:PORT,147.185.221.180:8840
d491932b2796a4b35237516ca9d4068937a3dda2e638274166f655f6600cf658,IPV4:PORT,185.106.94.122:4449
e28f25b1ae121c2a785185c44a0604ea2a3c0a989a88ab9bc332bda81d90c7ae,IPV4:PORT,209.25.141.180:7878
e28f25b1ae121c2a785185c44a0604ea2a3c0a989a88ab9bc332bda81d90c7ae,IPV4:PORT,209.25.141.180:13917
e28f25b1ae121c2a785185c44a0604ea2a3c0a989a88ab9bc332bda81d90c7ae,IPV4:PORT,209.25.141.180:28818
e22f4174adfdc1131893e9e6d1b2bc2a6fd582a17f054e8f4cf6b5f640cfe436,IPV4:PORT,5.230.54.132:4449
509b01b947cc7675c35786514f8421aeed1ba8924c70125e31d7bf4d1d77fd95,IPV4:PORT,103.39.109.73:5205
14f06ace7004ff185e9a1ca0334209dfc330a46ab47f4d239ea0fc77d73e6aec,IPV4:PORT,20.231.13.19:4449
4188780615fd01a8917c1c9e21ac4142214fb40073d3ed45add61bf065fd5ccd,IPV4:PORT,216.173.116.182:8888
4188780615fd01a8917c1c9e21ac4142214fb40073d3ed45add61bf065fd5ccd,IPV4:PORT,216.173.116.182:4449
bb3d5fb8ef07a3f18955be39c71770fc174c5da69e81824e22282181658fb3fa,IPV4:PORT,193.161.193.99:25460
bb3d5fb8ef07a3f18955be39c71770fc174c5da69e81824e22282181658fb3fa,IPV4:PORT,193.161.193.99:4449
bb3d5fb8ef07a3f18955be39c71770fc174c5da69e81824e22282181658fb3fa,IPV4:PORT,193.161.193.99:2000
9faf5341f23f98b0636763db02a026e259987852ea63b13daf97e9f14055d14d,IPV4:PORT,194.26.192.154:4449
966bfec1457d2ae4d8b943c36807d202bf083e8891ef6e423e2c986e74866d33,IPV4:PORT,193.161.193.99:4567
58522af0515c6138fe692710439877d3a7e12fb726d18165f57b03a4a06b2ba2,IPV4:PORT,68.219.242.195:7000
58522af0515c6138fe692710439877d3a7e12fb726d18165f57b03a4a06b2ba2,IPV4:PORT,68.219.242.195:4449
38c3b61963080d823ffaf96711f57191840c9f78f44f424c28b6d7cd9dfeebfc,IPV4:PORT,16.170.222.231:13044
6cbdc02bb4c0dc7521c4b54efb615a39ccf071c2dfc670bca371621f95fc82d9,IPV4:PORT,168.182.176.153:4449
6cbdc02bb4c0dc7521c4b54efb615a39ccf071c2dfc670bca371621f95fc82d9,IPV4:PORT,168.182.176.153:8080
b010f2e523ca5256422eb9e3fe8a621a519a233dddbf701b05ade6e80f9c83b8,IPV4:PORT,125.182.30.132:10
bd8b510aafa4dc1c043a976d91e727c0601142e7784f5c42a2ff04d387485bdf,IPV4:PORT,193.161.193.99:4449
bd8b510aafa4dc1c043a976d91e727c0601142e7784f5c42a2ff04d387485bdf,IPV4:PORT,193.161.193.99:33360
bd8b510aafa4dc1c043a976d91e727c0601142e7784f5c42a2ff04d387485bdf,IPV4:PORT,193.161.193.99:8000
18004667f9731ca8b80f30aca2920100f304128cffea71f2496a10f0b2ba6910,IPV4:PORT,194.26.135.222:4449
4f6e5f68146f9d94d5eea6cc37952cd603e469654265a2909bc2c5e083ff79ee,IPV4:PORT,77.73.69.3:5785
e5993ed7b5d83064f3d47814fc7796943cf0dd74a3471c69f84fe2d0dc82c0cd,IPV4:PORT,24.241.229.173:3389
e5993ed7b5d83064f3d47814fc7796943cf0dd74a3471c69f84fe2d0dc82c0cd,IPV4:PORT,24.241.229.173:4449
e7df1ece5e3b5aea5f68a6eef466ad741b3fb56a28e1aa3a288f3307789b4c22,IPV4:PORT,149.102.249.116:4449
d2b1766babe6f25d3b111defd026d932e6a40d5a105a5b8cbc733b17a76a2e23,IPV4:PORT,3.67.161.133:16225
d2b1766babe6f25d3b111defd026d932e6a40d5a105a5b8cbc733b17a76a2e23,IPV4:PORT,3.67.161.133:5403
429cacda63f18bb2aca2c5e705b40e871f08f6aec69c00fbddcedf58179c8bf7,IPV4:PORT,67.213.221.18:7812
429cacda63f18bb2aca2c5e705b40e871f08f6aec69c00fbddcedf58179c8bf7,IPV4:PORT,67.213.221.18:4449
429cacda63f18bb2aca2c5e705b40e871f08f6aec69c00fbddcedf58179c8bf7,IPV4:PORT,67.213.221.18:8080
fc6b1947dd7656d96086f4264911a2e0911becee5f3d490e6fb9d9733d670c0a,IPV4:PORT,121.175.209.128:4449
fc6b1947dd7656d96086f4264911a2e0911becee5f3d490e6fb9d9733d670c0a,IPV4:PORT,121.175.209.128:8000
922540d15990a54d592ecffb0991f78f20c6dc20954be5b2a84e2fe9b655a9dc,IPV4:PORT,3.66.38.117:9512
4b9bdade1c0cf43fe151e214138149c1efed192452fda06d0a97fdfa637933fe,IPV4:PORT,129.226.175.203:7771
a546fa01478274bab09ca152c15e53f2a673e229b81374bc0196ecea3049a7c9,IPV4:PORT,43.138.166.76:6593
1455c51001770aedfe480c7cb029530c254dcb49f9d42175cfc643e72f006499,IPV4:PORT,75.72.252.34:4449
b625785598533fed8dee0fb6959cae725802774b5d46c872642aa380b7b35ba9,IPV4:PORT,124.222.202.170:4449
d2b70e0be774b4df8791a309a60beefbde59245f6e3ceb2eeef153da8faa614a,IPV4:PORT,103.8.215.226:4449
e16ee48fd90b015f93237b84798074f547f8077a262f2482126cc5e16994a431,IPV4:PORT,195.85.205.219:4449
44f2c1336371440616d72dcf6afbc24739d94ccab04dcf8765fcca7f10ca1627,IPV4:PORT,147.185.221.212:46856
786644b9f367f88da549841bc82dcdd479c8d65842787f229ee385315a81b5e8,IPV4:PORT,45.154.98.42:4449
faf86c3595e511784e3d1cd7db7d0cacf8072e05be0b53e35ade2a7ac71837f4,IPV4:PORT,65.109.58.182:4449
6a01ed4308be2d87920924e0cae74d82575255c2466e8526d75332f23e578e75,IPV4:PORT,173.212.192.72:3434
6a01ed4308be2d87920924e0cae74d82575255c2466e8526d75332f23e578e75,IPV4:PORT,173.212.192.72:3435
a65467bc013f578232faa24802bc4a93afd31034497a5970e5780aa03a6d76b7,IPV4:PORT,193.161.193.99:21359
a65467bc013f578232faa24802bc4a93afd31034497a5970e5780aa03a6d76b7,IPV4:PORT,193.161.193.99:8000
b01a01b68a4be06e2820c8ba3fabcdf4a2eddf6dda655a43b1c8750d1e8d1903,IPV4:PORT,31.210.55.103:7775
17539a948e73895d08a6452f198a8197c1fbb6eae22d2d207f8e081a5bd72943,IPV4:PORT,100.2.131.22:4449
607a00a98c6bd590554a555168404068d5cb7bdebc2e617a21682e7f0274132f,IPV4:PORT,80.26.19.8:4449
607a00a98c6bd590554a555168404068d5cb7bdebc2e617a21682e7f0274132f,IPV4:PORT,80.26.19.8:60238
a9f80911e40d5472c7855550440fb1edece6acc64fe956888906255de728dbe9,IPV4:PORT,209.25.141.181:2309
a9f80911e40d5472c7855550440fb1edece6acc64fe956888906255de728dbe9,IPV4:PORT,209.25.141.181:37566
1d9e08af161fa2089d8466961740122d55bd858f98df800200e1b987790b2a64,IPV4:PORT,45.80.158.189:4449
b2ef327e43e017a623a62a0e505a363ef0db0721b56c7794a431277bbb0eb8b4,IPV4:PORT,31.210.55.103:42811
b2ef327e43e017a623a62a0e505a363ef0db0721b56c7794a431277bbb0eb8b4,IPV4:PORT,31.210.55.103:33770
b2ef327e43e017a623a62a0e505a363ef0db0721b56c7794a431277bbb0eb8b4,IPV4:PORT,31.210.55.103:4449
9a0c0bf4746dc623ede5bd00e9f65427663c5b831fb52fb6c349d2e6f6fb32c1,IPV4:PORT,18.192.93.86:15165
9a0c0bf4746dc623ede5bd00e9f65427663c5b831fb52fb6c349d2e6f6fb32c1,IPV4:PORT,18.192.93.86:4824
89f4401ac5e1931b0ab917c5f6378c0f25e5b71bc735d6fa656c0107a0c93a76,IPV4:PORT,87.121.221.16:4449
d67c2ce622d97e2b69e00a520523172f803a084cebeeac217309db63eb498a8d,IPV4:PORT,147.185.221.181:1024
d67c2ce622d97e2b69e00a520523172f803a084cebeeac217309db63eb498a8d,IPV4:PORT,147.185.221.181:2044
4384deb1f52dbeaf8c9bc50830ad95d23a5fd6f0065ad9ddd6f1907eb77c4ae1,IPV4:PORT,188.74.83.10:4449
003d6e787df0b56c543130faf3e4fa264aed609e85a31053235aa19d9b8f3673,IPV4:PORT,164.155.129.86:4449
4776f5bcca7aa139cc0ab031a4cb6fc345cc19510425ecc1ee7b9e61b1a98ca1,IPV4:PORT,186.166.246.159:2742
4776f5bcca7aa139cc0ab031a4cb6fc345cc19510425ecc1ee7b9e61b1a98ca1,IPV4:PORT,186.166.246.159:4449
920253d5c164a1731d3ac476ee2e9677de9d185e6b0ca3d26a2202ff6c60647d,IPV4:PORT,209.25.141.181:17209
3c702dd355012f651cd9e0bc11761c6b6a197723f8042420da357a3e6373b980,IPV4:PORT,95.214.26.97:None
3c702dd355012f651cd9e0bc11761c6b6a197723f8042420da357a3e6373b980,IPV4:PORT,95.214.26.97:4449
3c702dd355012f651cd9e0bc11761c6b6a197723f8042420da357a3e6373b980,IPV4:PORT,95.214.26.97:5566
7562430fc0a76a8a8700359382fbec437adeec7ad8d1847a7dfadeef73ccf3f7,IPV4:PORT,209.25.140.211:5050
7562430fc0a76a8a8700359382fbec437adeec7ad8d1847a7dfadeef73ccf3f7,IPV4:PORT,209.25.140.211:43278
7ef1ae6566ff69f5307b7b07fbedc1193a389c2b80a9e1546cc53ab68901fde3,IPV4:PORT,147.185.221.16:24582
15eab96ad7cee6a297de7735783e36937ebe2db0dabadf187ba2d1060e277831,IPV4:PORT,193.161.193.99:29332
15eab96ad7cee6a297de7735783e36937ebe2db0dabadf187ba2d1060e277831,IPV4:PORT,193.161.193.99:5251
4694bd08ad1446ae0deb2ea6db86658930422cbef632e88ef7ab2218ff75e509,IPV4:PORT,213.52.130.95:9200
35afd46abb89d050971ffc41a372e2f64046404783e33d896cb77a3b3855d2e0,IPV4:PORT,147.185.221.16:24582
45c95edaadc2c82c1ce03f7e9d9a60be0361f6f964e845ac74fecf0403c1bfa3,IPV4:PORT,196.117.149.187:4449
45c95edaadc2c82c1ce03f7e9d9a60be0361f6f964e845ac74fecf0403c1bfa3,IPV4:PORT,196.117.149.187:1177
e8c6798610293bad3d42472fcc5df23ce3498d91eb2f05cec76a9cd7c5248d29,IPV4:PORT,185.149.146.79:4449
d0bd2f3e2c91bd604ed1d4604d65deff63d443c8abac736873edc085cfca002e,IPV4:PORT,103.39.109.48:4449
0a141bbe00db6f1f5626a3991bc5b3699c49a275f17a7c8a3825c06a5877fa19,IPV4:PORT,142.93.137.173:4446
0a141bbe00db6f1f5626a3991bc5b3699c49a275f17a7c8a3825c06a5877fa19,IPV4:PORT,82.180.147.87:4447
0a141bbe00db6f1f5626a3991bc5b3699c49a275f17a7c8a3825c06a5877fa19,IPV4:PORT,82.180.147.87:4449
0a141bbe00db6f1f5626a3991bc5b3699c49a275f17a7c8a3825c06a5877fa19,IPV4:PORT,142.93.137.173:4447
0a141bbe00db6f1f5626a3991bc5b3699c49a275f17a7c8a3825c06a5877fa19,IPV4:PORT,142.93.137.173:4449
0a141bbe00db6f1f5626a3991bc5b3699c49a275f17a7c8a3825c06a5877fa19,IPV4:PORT,82.180.147.87:4446
9f917ff3160a74ffe217d5941530753fbd1292a31141a0bc6d4e889bb58cb883,IPV4:PORT,209.25.141.181:37566
9f917ff3160a74ffe217d5941530753fbd1292a31141a0bc6d4e889bb58cb883,IPV4:PORT,209.25.141.181:2309
e2ba06f64e174ff0daa92c39e13ca9a4b735c005d01b65a43a20b6af81f0068b,IPV4:PORT,185.236.228.68:4449
0ea528ae0f3931379941f569ae55f0ec2c0714ccd1c2c36cc39e20ba58e11113,IPV4:PORT,45.154.98.42:4449
96e560ca4abd5f6309f52eabdaffb87399aa91e70cc9f548c35753f8526206f3,IPV4:PORT,107.213.221.23:4449
a99b925b26f753b0da74d16c53161ada4f2048ceb28b81e2b532c8c840efd31b,IPV4:PORT,107.213.221.23:4449
bd5244f5beeb1ca343da306f4f2cf40a4d7aee3e60d75eda37823d61124b24d0,IPV4:PORT,143.92.56.77:4449
ac12768102db5b19439139552587372232c85e2237afe093f2cd7f75f876f155,IPV4:PORT,154.91.85.75:4449
ac12768102db5b19439139552587372232c85e2237afe093f2cd7f75f876f155,IPV4:PORT,143.92.56.77:4449
8283f5942a09cefc09ede83ec97cea26ae094c41b4df2036844a7a5e51bdc4ae,IPV4:PORT,87.132.210.154:4449
e0b3ea9079e7606ef7575bedd5fc648c63b6d0e12b27d6c9dcbdc17d8a758e33,IPV4:PORT,3.69.157.220:4449
e0b3ea9079e7606ef7575bedd5fc648c63b6d0e12b27d6c9dcbdc17d8a758e33,IPV4:PORT,3.69.157.220:14418
bb593c07ee6598e8ba0f941809a93be8c42051b03aecd2356ded08f35630871a,IPV4:PORT,74.208.157.153:8191
2d5a616f6884825241be88b6a34f8a5e06d15d2f0a9aa279961162292b3f81ca,IPV4:PORT,101.99.90.110:4449
2e575554860fa3901c5e907ba828934a0eb6953f64f89115cd4a58d4d46b5f6f,IPV4:PORT,38.242.147.248:4449
43e27c1f010f67ff8fc0a037693bbadbd7f78e9cbfaea03473dae9d167b573a4,IPV4:PORT,209.25.141.180:4449
43e27c1f010f67ff8fc0a037693bbadbd7f78e9cbfaea03473dae9d167b573a4,IPV4:PORT,209.25.141.180:28818
43e27c1f010f67ff8fc0a037693bbadbd7f78e9cbfaea03473dae9d167b573a4,IPV4:PORT,209.25.141.180:7878
53080977dc4fc37c66faf24137e86b1641b837b00d2cd039bef1066a70c8476e,IPV4:PORT,91.223.169.39:1111
e25eb10662abf7bf6c5c569242c10cae022cfb7acddbef7ecb17ab5a02666b80,IPV4:PORT,45.84.199.148:8080
5958f7c1cf3d3e6982c1fae0070c990e07846cf75b113cb1bd4992868edb247b,IPV4:PORT,36.73.32.123:4449
2bd28d1dff2325ae8006b3ba73bc509b2c2f874d8f768e8997d10801b07371ce,IPV4:PORT,174.126.118.156:4449
00940e4d4f0a75d7fbb4c66fc4cb4a1b7a7d36903947028a8f7fc2643b85815e,IPV4:PORT,209.25.141.181:23640
a45f92a6de5f22b3d360d79721345fc7410467f8472fcf1e8e9b5b0ca8099a3f,IPV4:PORT,89.208.103.42:4449
a45f92a6de5f22b3d360d79721345fc7410467f8472fcf1e8e9b5b0ca8099a3f,IPV4:PORT,89.208.103.42:1335
a45f92a6de5f22b3d360d79721345fc7410467f8472fcf1e8e9b5b0ca8099a3f,IPV4:PORT,89.208.103.42:4545
ecbf5fc80cea67a9e3ef5152e2e088275660b3a69953b223818b11203b402e69,IPV4:PORT,116.8.105.33:4449
c390f185ed161bb553bc426498e9bcf343e5a6c956e3406a3768557bf40f8576,IPV4:PORT,88.10.43.57:4449
62f758b181642fb7ed7aea2eb82e372c84b1ae7d62dc4ff1f769615886b61679,IPV4:PORT,209.25.140.194:54203
25767558dbf16c6710d6489f45bf120d2aa37b621a743aa5ab64005857eeb9a3,IPV4:PORT,103.143.249.203:4449
51af89d112eb8d6b757a988e7e5cf870e276c8ddb359121fb04e6bafd7a87b54,IPV4:PORT,193.161.193.99:21359
51af89d112eb8d6b757a988e7e5cf870e276c8ddb359121fb04e6bafd7a87b54,IPV4:PORT,193.161.193.99:8000
539d3d3bd8031202c32e4d9bb8bd7be0a1235621698a0a97233617c925128baf,IPV4:PORT,18.156.13.209:4824
539d3d3bd8031202c32e4d9bb8bd7be0a1235621698a0a97233617c925128baf,IPV4:PORT,18.156.13.209:10944
5babf315051639d8d897a08d85e60b685ba8c7ea5e9f4cdac6874fcfbc66c441,IPV4:PORT,194.58.33.98:4449
ade850f54848da778f39b4a0b3b313f5680e9c5d8966559e99627293ce3e129e,IPV4:PORT,18.192.93.86:5403
ade850f54848da778f39b4a0b3b313f5680e9c5d8966559e99627293ce3e129e,IPV4:PORT,18.156.13.209:16608
ade850f54848da778f39b4a0b3b313f5680e9c5d8966559e99627293ce3e129e,IPV4:PORT,18.157.68.73:16608
ade850f54848da778f39b4a0b3b313f5680e9c5d8966559e99627293ce3e129e,IPV4:PORT,3.126.37.18:5403
ade850f54848da778f39b4a0b3b313f5680e9c5d8966559e99627293ce3e129e,IPV4:PORT,18.157.68.73:5403
ade850f54848da778f39b4a0b3b313f5680e9c5d8966559e99627293ce3e129e,IPV4:PORT,18.192.93.86:16608
ade850f54848da778f39b4a0b3b313f5680e9c5d8966559e99627293ce3e129e,IPV4:PORT,3.126.37.18:16608
ade850f54848da778f39b4a0b3b313f5680e9c5d8966559e99627293ce3e129e,IPV4:PORT,3.127.138.57:16608
ade850f54848da778f39b4a0b3b313f5680e9c5d8966559e99627293ce3e129e,IPV4:PORT,3.127.138.57:5403
ade850f54848da778f39b4a0b3b313f5680e9c5d8966559e99627293ce3e129e,IPV4:PORT,18.197.239.5:5403
ade850f54848da778f39b4a0b3b313f5680e9c5d8966559e99627293ce3e129e,IPV4:PORT,18.156.13.209:5403
ade850f54848da778f39b4a0b3b313f5680e9c5d8966559e99627293ce3e129e,IPV4:PORT,18.197.239.5:16608
a840ebfe234ea8e21e8f2172d70ea6c2e9ed1c93cfb92e6b58ddf21e815ba22e,IPV4:PORT,209.25.140.211:5050
a840ebfe234ea8e21e8f2172d70ea6c2e9ed1c93cfb92e6b58ddf21e815ba22e,IPV4:PORT,209.25.140.211:43278
18266c12604c5c4babfaf48ea5d39364bd29b12a7c136cb0455f26d2abc4e6ba,IPV4:PORT,193.161.193.99:505
18266c12604c5c4babfaf48ea5d39364bd29b12a7c136cb0455f26d2abc4e6ba,IPV4:PORT,193.161.193.99:4449
18266c12604c5c4babfaf48ea5d39364bd29b12a7c136cb0455f26d2abc4e6ba,IPV4:PORT,193.161.193.99:1194
b1b1812ffa761d8503a79babcc513a2ddcfd788a7b27e03e27a7e3098e50f14e,IPV4:PORT,119.29.243.12:4449
72914c02599e24867604c4d8a1bf2b99014dcf6c82a92bcfb1df4b5a449b4104,IPV4:PORT,194.58.33.98:4449
7a8c55f6d6741e6d76818fc1cc1938670628e72d33b2921ac34f0b643aac784c,IPV4:PORT,193.149.185.42:4545
7a8c55f6d6741e6d76818fc1cc1938670628e72d33b2921ac34f0b643aac784c,IPV4:PORT,193.149.185.42:4646
0be8dbb1d523298301f64ff021f20438448d705685307864b916d5d70b215fca,IPV4:PORT,173.212.192.72:3434
f3c7978c914751658416912010fa565b574d2856fa3132c15ab63410134675a3,IPV4:PORT,147.185.221.212:46856
205c7c085c37f64a82b81c4e840b93d1d3e63fda112a69ccbe82f869d7158d89,IPV4:PORT,193.109.85.128:4449
1d51af7996e266790cb49079608b7448a3ac6eef1d2d701299179508cebee63f,IPV4:PORT,196.117.149.187:1177
1d51af7996e266790cb49079608b7448a3ac6eef1d2d701299179508cebee63f,IPV4:PORT,196.117.149.187:4449
8915b3c571e1784c8e02f01404b542e2ad2ca2ef33cbc93411dca67d794ab47e,IPV4:PORT,151.236.17.83:1111
0b5e1d14b893490b40e3d4f07d15cf73d4d2344f1468ac84198dc156603a32c6,IPV4:PORT,209.25.140.194:4444
0b5e1d14b893490b40e3d4f07d15cf73d4d2344f1468ac84198dc156603a32c6,IPV4:PORT,209.25.140.194:54203
72340bc1842156c100ca9cb76c8abcc350e1af19310c69efdfe32ef7eb49e0c0,IPV4:PORT,3.126.37.18:4824
72340bc1842156c100ca9cb76c8abcc350e1af19310c69efdfe32ef7eb49e0c0,IPV4:PORT,3.126.37.18:18642
8ec2546840f5945c6a3767f02a315ce3d6f25da015b857c762ef5a1bb8e009ec,IPV4:PORT,27.3.194.101:4449
5104f8faf9e3b9d61ef1a461dfcbd004e53f948518ccdd3e7a96e7633c65fcde,IPV4:PORT,193.109.85.128:4449
6000c99eb3bcaf9b52c4ff966cbca1ce9f1a01bfaede2c549f53d1996fca81c9,IPV4:PORT,194.147.140.177:45992
e513191ad17572ab094efe04f1a4dc8e21f0670b7275c912b7d6b1f63edea731,IPV4:PORT,89.23.96.35:4449
29a08550474c58e98f8f0ed5171f48237975af4ccf101a5ad5424f7772a01732,IPV4:PORT,147.185.221.180:5050
b20975001a0ddfad08f21a4a19feb79d03663ab1c9e6a3fc5af70ee82c1604c1,IPV4:PORT,3.124.67.191:4824
b20975001a0ddfad08f21a4a19feb79d03663ab1c9e6a3fc5af70ee82c1604c1,IPV4:PORT,3.124.67.191:13184
4552d9e067f84a9f699ef2fd7524531ef7199d75e457d0095259b5f1652139db,IPV4:PORT,47.98.159.180:4449
66cc93b1f293bd2c899162850527061c1aa5e40caa5e4e92fa3c7ba0e526f6bb,IPV4:PORT,18.198.77.177:17487
66cc93b1f293bd2c899162850527061c1aa5e40caa5e4e92fa3c7ba0e526f6bb,IPV4:PORT,18.198.77.177:4824
c7435599f4677f85735d4e58a5828e0ef9a8bc1571ec0f5544af47c88ad46721,IPV4:PORT,209.25.140.211:43278
17904472b266547ed4774abcc13fb431d211f73dcc4eab56af4c5b4dcf03933d,IPV4:PORT,20.206.160.43:7771
7ccdccc80843b07f05d64253a062257878e8c5cc1c00a4997aa24eeae11badb9,IPV4:PORT,103.45.232.168:4449
69e61bef6484156c22af3bec009725ddb2bdf5b26240a1ed94568971a9bfa1ae,IPV4:PORT,209.25.140.181:46769
cc56f6e48dd4723e6c17c907cfde608039b342d94d2cde9ff4d80b6bda8337fb,IPV4:PORT,87.121.221.16:4449
14fad5e18e00f8017f36f37d6b2a360d4380a64851c3a7e08907494614fd672f,IPV4:PORT,103.88.35.24:14449
81b70ab3844e20b5c624d7a14ba253ec8657f6c26e02b294a09b3403cfff5f7b,IPV4:PORT,43.138.166.76:6593
da53ffabb0be0f7a0ecda727441f021bb71f7bd9ab2c27035ba632c8a81df9ae,IPV4:PORT,90.132.25.80:4449
115ac1d98958993514266fa7434f82404e52482babdadd5ff14133c0951bfc0c,IPV4:PORT,193.161.193.99:61948
11531bef8ab1edf2cc022bb25ca419a61eeab736e7512a3baa8f5cbc62770a96,IPV4:PORT,196.127.115.30:4449
e07fae734bff71ba9449aca1730540ae6176328522b71f4089adea6a1309b057,IPV4:PORT,185.223.77.170:4444
3c576da9f9dc19d0dafb6e8496a3375dfd2bc693ea0caa0b8e2405995e20eee5,IPV4:PORT,125.182.30.132:10
afa3ba61cd774518aaa42957fd36fa0e266ca31a3f3e5258efc256cea1712286,IPV4:PORT,193.161.193.99:47758
03a430cce99e1d50b3a1e0b050cc6f36386178b5f36704caec46850125e85c41,IPV4:PORT,193.161.193.99:2000
03a430cce99e1d50b3a1e0b050cc6f36386178b5f36704caec46850125e85c41,IPV4:PORT,193.161.193.99:4449
03a430cce99e1d50b3a1e0b050cc6f36386178b5f36704caec46850125e85c41,IPV4:PORT,193.161.193.99:25460
03a430cce99e1d50b3a1e0b050cc6f36386178b5f36704caec46850125e85c41,IPV4:PORT,193.161.193.99:58618
9f2b7e6917c95d012c1bff9e172261bfa247f648ddc314d7e5a1ce713f6aad5d,IPV4:PORT,103.39.109.63:4449
1857568a3e05151c9f317c62d1f0cdce51bf52ec3448bb42b8fe188b4ac93eb7,IPV4:PORT,209.25.141.181:30093
da7b1ab6f6bc69661883b249ce9d2dea142804b4f0e2f42d741d02297103c28c,IPV4:PORT,103.39.109.48:4449
176b6e0a3b8e94b65d36c40a02249aa064a6734f2fc3a0393eeff741b872f11f,IPV4:PORT,144.138.71.99:6066
7254d3e9d4afcbf58987224094c753611cf6c74770cf565fce00dc07ef95341e,IPV4:PORT,103.133.109.108:4449
0b07f956021d4bddde3d420bba9ef31a01a5195669894df90db3505262a2be46,IPV4:PORT,103.45.232.168:8001
cd7e34bedd648b81424f91012dfedca85ce2569fbb9c5fcbd62743355cc4dc27,IPV4:PORT,103.74.174.160:4449
285838f6f66dfcdae71f0c24ac7901250559637f70f4e8949517d51387005f6d,IPV4:PORT,67.213.221.18:4449
285838f6f66dfcdae71f0c24ac7901250559637f70f4e8949517d51387005f6d,IPV4:PORT,67.213.221.18:80
285838f6f66dfcdae71f0c24ac7901250559637f70f4e8949517d51387005f6d,IPV4:PORT,67.213.221.18:7812
97694cbf0b4074bc92fcf738be4dd62bc6a2440498c54031151f0f1970546943,IPV4:PORT,147.185.221.212:20487
97694cbf0b4074bc92fcf738be4dd62bc6a2440498c54031151f0f1970546943,IPV4:PORT,147.185.221.212:8080
feb7a7928f76b5e00c0ee6dba30ffcb6019e790ffa8b8a8ee6b50982909288f0,IPV4:PORT,37.3.242.75:4449
a54a165f7bd4233fe82e479fea194c62007a18a0697fd073c3cb4fced08669fa,IPV4:PORT,103.155.82.74:4449
79aec8fbc96c0fbc4c867ef6e9a89c3f1d37401f2db7acd7267be167fb15e9ea,IPV4:PORT,121.175.209.128:7000
79aec8fbc96c0fbc4c867ef6e9a89c3f1d37401f2db7acd7267be167fb15e9ea,IPV4:PORT,121.175.209.128:4449
cb805dd9841579e1b8bf801a9ffc2b4ae2821f5633c1a47b22dabb939ab14dd4,IPV4:PORT,157.143.34.217:4449
a45b9dd1ec5e8229bbb3012ce7e270b254d55fd46cf0a4257346a6800d42d8fe,IPV4:PORT,193.161.193.99:4567
aa938f76f6792a231035218d8c6f39ca29103a0bff3daa31cbcc8acaf2d43d13,IPV4:PORT,67.213.221.18:80
aa938f76f6792a231035218d8c6f39ca29103a0bff3daa31cbcc8acaf2d43d13,IPV4:PORT,67.213.221.18:4449
aa938f76f6792a231035218d8c6f39ca29103a0bff3daa31cbcc8acaf2d43d13,IPV4:PORT,67.213.221.18:7812
2f91858c1913dfc0247cde7af9f90bdba52669c92c6261994296aae5e348a094,IPV4:PORT,223.165.6.30:3333
14a207cfa3985b0f364adac61458265887dd1e595a9670bce6578bdfe89c373e,IPV4:PORT,43.138.166.76:6593
456c9a14f4c3e716c512824396c4292b2fb0848db92bce7bbe2e2303bb841b4a,IPV4:PORT,2.224.144.191:7771
9e7066145a9051629f9e4f069a80f89e93439b337491c237cc5d452d2bd17f96,IPV4:PORT,25.48.43.42:4449
46ff736194852e8191baae5e7dcede4045727be914a8a33113d28a38b5dfb062,IPV4:PORT,5.83.190.86:4444
90512b9807e98a4837a4fda3a6a8c4985704bade17ece9ff191de43f2802d33e,IPV4:PORT,18.192.93.86:15165
90512b9807e98a4837a4fda3a6a8c4985704bade17ece9ff191de43f2802d33e,IPV4:PORT,18.192.93.86:4824
ede9de3c55978c1779836ae325ad419341fc051593322619c80e1bdb093d2a38,IPV4:PORT,187.84.121.138:9556
9f70446a2b16c45d9d93af644cdd0b735c32fb337d50aaff4ac77d0deb645b36,IPV4:PORT,193.161.193.99:24224
9f70446a2b16c45d9d93af644cdd0b735c32fb337d50aaff4ac77d0deb645b36,IPV4:PORT,193.161.193.99:4999
3b475cf40bdd62b35e9804b7cb8dafbe706e6dde37780dc6d0dbba22caf20d2c,IPV4:PORT,193.161.193.99:24224
3b475cf40bdd62b35e9804b7cb8dafbe706e6dde37780dc6d0dbba22caf20d2c,IPV4:PORT,85.192.40.255:4449
47de67d940f592b68c9ac162f954b206b491a4e66c1a8db6ef5adb18c742f67b,IPV4:PORT,34.118.105.198:1337
86ccef538ca10db1452e8034f043a01254b2b9ba276113bbd61925eb6e032385,IPV4:PORT,193.161.193.99:47758
7acde0a372a09307ec565d576ba0556ce7ff06dd4a00ad8ae3261df50d7cf8ed,IPV4:PORT,103.39.109.47:4449
cca84e6247c96816770672c06908349706632ee01dadc28c9d992af33eecd612,IPV4:PORT,65.0.50.125:22796
539ebd2dff4162f67f27369e0d92f54226c4ccd8d9f35c0377f116a23accdc5c,IPV4:PORT,154.12.82.59:7771
329760abe8d45400cd0b294310e2af471d24ebc2cde8c1899fca317a876297b4,IPV4:PORT,185.223.77.170:4444
80db25d84b949d77eb1908402c2d270e23f5219369df0abd99037eb2e01cfb18,IPV4:PORT,104.205.188.45:7772
5ae62ed4d70819940a4fe60bc383a94dd5291ae3cf0048fc8a2f152cec344c2c,IPV4:PORT,212.118.42.249:4449
b3e225227d9edc99376bdc108e44816a3272bc1bf76570caaf16216830bc3173,IPV4:PORT,157.230.85.119:4449
8a174fc590c3175c3561a3f8d3f3f1278d66b6652c34821af242c560d467b244,IPV4:PORT,200.153.238.94:4449
612f727fcc63ceeec40ef800361d6af6e6f55378e507dfc89ad15b46ddb9ab70,IPV4:PORT,85.192.40.255:8080
612f727fcc63ceeec40ef800361d6af6e6f55378e507dfc89ad15b46ddb9ab70,IPV4:PORT,85.192.40.255:4449
612f727fcc63ceeec40ef800361d6af6e6f55378e507dfc89ad15b46ddb9ab70,IPV4:PORT,200.153.238.94:4449
10a085399c0d8a5a6b3e385f82d98f2cdbd08aaedd06ce75072c96bee6d40c74,IPV4:PORT,62.234.35.139:30441
0223f25f971027d1f1d3874858bc50bd75f4525baae547d7e8b3ecd62256d0b8,IPV4:PORT,154.37.51.77:9528
7e5d811cfb72fa5d167ce89c3c7a518cd4ce45ea006dc2cf68fcaeece0ede08d,IPV4:PORT,65.0.50.125:22796
899901d1161d771981584741de1af8bf31544813eb3ece2c74b0b9f2b443b64c,IPV4:PORT,81.0.246.141:4449
899901d1161d771981584741de1af8bf31544813eb3ece2c74b0b9f2b443b64c,IPV4:PORT,81.0.246.141:8089
98f0045f82983472a071c8e738be60bfa4781c8b101364734f1c6752ad48a4f3,IPV4:PORT,147.185.221.181:2044
3c8c5ae8fe341b2294238f019eca9a1511fb109387c24f9d6d794c64ddced049,IPV4:PORT,147.185.221.181:2044
3c8c5ae8fe341b2294238f019eca9a1511fb109387c24f9d6d794c64ddced049,IPV4:PORT,147.185.221.181:1024
af370c80b1b39628c680660890f5aa54bb20c893461b070f517e3046c0553b11,IPV4:PORT,2.59.255.190:4449
af370c80b1b39628c680660890f5aa54bb20c893461b070f517e3046c0553b11,IPV4:PORT,2.59.255.190:3389
e3029c9da025d61ea438a9e69c58979ab789b53724f06629fcee567307f5e837,IPV4:PORT,193.161.193.99:4449
e3029c9da025d61ea438a9e69c58979ab789b53724f06629fcee567307f5e837,IPV4:PORT,193.161.193.99:8000
e3029c9da025d61ea438a9e69c58979ab789b53724f06629fcee567307f5e837,IPV4:PORT,193.161.193.99:33913
d1a64e6c8eb21d8c3a32f40024bed32069527b45c3a8e5adf7707ee1c331d35e,IPV4:PORT,121.127.233.181:4449
4c81ade1cd27a3c83ac28d89fe2b92c54d15786edc3a3a93cb50f7d713a271fb,IPV4:PORT,45.84.199.148:8080
1f72d4daadc55b40515108c36f212086cdd5ceb37524ec7ea3f70c9fc19bfe2f,IPV4:PORT,174.126.118.156:4449
1f72d4daadc55b40515108c36f212086cdd5ceb37524ec7ea3f70c9fc19bfe2f,IPV4:PORT,45.84.199.148:8080
5ad8d722bea32527addef8a9a21e9514541eb3a005243f6be11d51a1473c9035,IPV4:PORT,209.25.141.181:17209
995c348e871724b9cea7abf64023f920c15bb87ec618051f7fbcd8c85dddece3,IPV4:PORT,79.110.49.132:4449
7750d8b64a82497ffa6b88902f8bb5edde8e25d422c7390ec8639b0e4bd2a152,IPV4:PORT,2.59.255.190:4449
e8cafb544e52e8f5258705ab59cbbbd0451a3e95927050ad28b1a777bab62bc4,IPV4:PORT,216.173.116.182:4449
e8cafb544e52e8f5258705ab59cbbbd0451a3e95927050ad28b1a777bab62bc4,IPV4:PORT,216.173.116.182:8888
2d2f1205b86332b6c943cf8c6a018cf61adfd9817a3d535c6e36bcf6eab95c08,IPV4:PORT,185.223.77.170:4449
2d2f1205b86332b6c943cf8c6a018cf61adfd9817a3d535c6e36bcf6eab95c08,IPV4:PORT,185.223.77.170:4444
827dfbc3d7926cc9adcd9312db9365522480b353c2e612cce4c682bae9ab3028,IPV4:PORT,192.71.249.141:4444
827dfbc3d7926cc9adcd9312db9365522480b353c2e612cce4c682bae9ab3028,IPV4:PORT,192.71.249.141:4556
827dfbc3d7926cc9adcd9312db9365522480b353c2e612cce4c682bae9ab3028,IPV4:PORT,192.71.249.141:1999
fc952a9b560e8923563101a02c41a32fe4514dc11c86a7bb2672363c81ac8e68,IPV4:PORT,43.138.166.76:6593
a147ca48d66c8bf9a9003a4f9a142f3b006aa856dfe463ab4278d770da2a27c4,IPV4:PORT,43.156.44.109:2345
eaae755f206852cc3a9e265a434c84b71cdc96b112b28ba4792b1e54ca3f5841,IPV4:PORT,223.165.6.30:3333
c9dc8e5547b12709ff8c01397c7559de2bb0998d4a0885a24f264990470b86e6,IPV4:PORT,3.67.161.133:5403
c9dc8e5547b12709ff8c01397c7559de2bb0998d4a0885a24f264990470b86e6,IPV4:PORT,3.67.161.133:16225
a47ac01159b76dd132b3581a24bb17dd4fab7b1924722b04cc528cca8ad020c5,IPV4:PORT,46.153.131.183:6666
83b071ff10f84b2b5d41281097e10c8e7b4a341ebff7ad693d6a5b40d0f9c7f1,IPV4:PORT,46.153.131.183:6666
db16d4a32273dc7340193bb80781dcf8e6882cb840eb1bf157ad01ccd38e5b97,IPV4:PORT,209.25.140.181:50794
987a62c78449150bae48002af18eb6f61a175007e5c1a1284399d259ecbadf91,IPV4:PORT,65.2.185.165:4449
bbe48a1c068c7e298b5ea60208b70fa9f4f0411b8f15f3e1aaff5c5f8088bc02,IPV4:PORT,196.117.149.187:4449
bbe48a1c068c7e298b5ea60208b70fa9f4f0411b8f15f3e1aaff5c5f8088bc02,IPV4:PORT,196.117.149.187:1177
cada03f4d10842af09673e765da897cac171c1a56e50708e5f55ca72a988b38d,IPV4:PORT,24.241.229.173:3389
cada03f4d10842af09673e765da897cac171c1a56e50708e5f55ca72a988b38d,IPV4:PORT,24.241.229.173:4449
efbe2879f68415504885e8e0724a1bf6d1b82fadfe5e76072d7dd8fcbde7ea53,IPV4:PORT,185.24.9.195:555
62bb57f83272ec4a822b437bafb45ce0545af530b576f2d2a5d14462e3d7e021,IPV4:PORT,103.143.249.203:4449
2288d32f90959e0de33d7bb90b385db2048ccd24709081968886d6fed2f2de63,IPV4:PORT,103.143.249.203:4449
04840a93cb40d4ad841b20b813aa6f940dc35ca06ec70b4f716b1b53a8346b00,IPV4:PORT,147.185.221.16:32320
2d0cf9838f6cbc00d31c1b075073cf748dda3fd1c2e96e836b45dda041ad808b,IPV4:PORT,223.165.6.30:3333
fa0d7e61e44ef8e07b271db200f7f1e47e1c679a605b308757fe204959ead74b,IPV4:PORT,147.185.221.181:2044
fa0d7e61e44ef8e07b271db200f7f1e47e1c679a605b308757fe204959ead74b,IPV4:PORT,147.185.221.181:1024
e2c3aa1532c2d007e8a1bcbc7cc5965acd4e34d9cdc0f08a7b3db6a00db06157,IPV4:PORT,185.236.228.68:4449
97eee6bc32ef0a1f600157da0f2ab63d73bba1da403352d8e97975bebed1b3b4,IPV4:PORT,109.206.242.138:5353
c2cda600256314b688cf195f809356e2592ba8df9de9c2b1a117a0ee26ccfa28,IPV4:PORT,144.202.52.245:4449
c97c450e1f8b8dc5eac8936488dba44b6a33d27351941d60e5a5f8dd186c22f7,IPV4:PORT,103.39.109.63:4449
691a6c4763f5db155c2b58993f45083e2d161deb85119e4ca94d6bae8c866c7c,IPV4:PORT,93.114.61.173:4449
ade8f0102ea834d5d1767c9d938f15127ca9d501294ac98ae244f689cabe84fa,IPV4:PORT,172.31.21.106:4443
92bfce47b2ccd388be2d70a4c0633137cc22b5b9fdc15c6fcb678e5ac2107af0,IPV4:PORT,193.161.193.99:4449
92bfce47b2ccd388be2d70a4c0633137cc22b5b9fdc15c6fcb678e5ac2107af0,IPV4:PORT,193.161.193.99:5251
92bfce47b2ccd388be2d70a4c0633137cc22b5b9fdc15c6fcb678e5ac2107af0,IPV4:PORT,193.161.193.99:29332
01c64343e9aaef27c4b9b76d8acf3f28a4fbc80e136fd1b981ee822a85cea031,IPV4:PORT,144.202.52.245:4449
07785f272579a3070cc68f19f02da4d03a6023c3d3296b1692b8158b5246592a,IPV4:PORT,89.23.96.35:4449
6738b51580eb6b8772c60ffc3442eead83bc0590373ea031afce667f56956e84,IPV4:PORT,67.213.221.18:7812
6738b51580eb6b8772c60ffc3442eead83bc0590373ea031afce667f56956e84,IPV4:PORT,67.213.221.18:4449
6738b51580eb6b8772c60ffc3442eead83bc0590373ea031afce667f56956e84,IPV4:PORT,67.213.221.18:80
98712d44b27b35a08dc1f4ddbe5f8c92b2ef76e968d830d2d8162cadff6ee939,IPV4:PORT,154.9.30.146:4449
64b8ad84eb64071638ae81e708c701b60251753ea7b36623f5feab37a1095fbf,IPV4:PORT,146.70.102.14:46146
4b638cee5c4e746b1e3b9a3554bb5b39914b31734dbd24caf9cd46ed325c1533,IPV4:PORT,147.185.221.181:1024
4b638cee5c4e746b1e3b9a3554bb5b39914b31734dbd24caf9cd46ed325c1533,IPV4:PORT,147.185.221.181:2044
773cbf2a63eba7d6ae7c2eafe171f3a8babf6f5fdfe33669380653fa57d70179,IPV4:PORT,81.161.229.121:4545
7051389d42a6d8269a877d4968be1a95b57f8bfb03c317846d9df4795a902d33,IPV4:PORT,95.214.26.78:5566
7051389d42a6d8269a877d4968be1a95b57f8bfb03c317846d9df4795a902d33,IPV4:PORT,95.214.26.78:5556
3ba0f5807defcb6c0e4a8759eef6b9ab61be88e53484d730db127ad9d7971ed8,IPV4:PORT,147.185.221.16:24582
114e9c2ebef605f5676995d3560bf12f4e0732d20907ad862aa206bd220ab677,IPV4:PORT,193.161.193.99:56777
b1ca1b4552fd07f9cbee5fcd6c8e5bfa09ea7d975095afb7f1afa9f3de1dd958,IPV4:PORT,103.45.232.168:4449
724a3b03757116d6cbf6c5316a0943c1a5a57d9e02557fc53113093c8a110ac2,IPV4:PORT,77.123.31.10:7777
724a3b03757116d6cbf6c5316a0943c1a5a57d9e02557fc53113093c8a110ac2,IPV4:PORT,77.123.31.10:7666
58086d229f3554f9677251fad3c82b7c902ffb654082a54da52c22f60a91a7d3,IPV4:PORT,18.158.249.75:12395
58086d229f3554f9677251fad3c82b7c902ffb654082a54da52c22f60a91a7d3,IPV4:PORT,18.158.249.75:4824
7cbd29ce1ccbc7b66d484b9937dced229ccf13febe0b155f94cfa26286182228,IPV4:PORT,79.134.225.8:1234
d3e82d2928b6aafedccbf2296d1cc78f3c2be25d390dfb3877a7fd304b176ab1,IPV4:PORT,85.203.34.34:4449
b39112293f38028cace19e8aa047d3c88114a79a0f00f398d83284048b5700ad,IPV4:PORT,104.220.158.189:4449
b39112293f38028cace19e8aa047d3c88114a79a0f00f398d83284048b5700ad,IPV4:PORT,104.220.158.189:7788
db73c32bdacb741661d7ea52e058b0e37c4223473da386ddfb305b47aba65021,IPV4:PORT,206.188.197.37:4449
4e20a6252d454374731d335698f9103da9c699bc2f01733d2385a368a494be66,IPV4:PORT,16.16.29.185:13562
9d3f2d0121fd7666406aea7d59ecaff3ca862c2b4ba48fcf0d07306c77600578,IPV4:PORT,198.44.168.246:4449
05847979b4babf7f08a7919fbffe6eb1c6095b58ad481333693222bcf9ff5101,IPV4:PORT,3.64.4.198:19544
c2ac5740f637607a3ba5f10e3fc7e5e5a9f3a6d45b68d00bbc99439db902839d,IPV4:PORT,212.102.53.23:37076
002c9fee4896799b1f14835c56e960e4e1f082f9adb793a19ea0a0af56091bd6,IPV4:PORT,209.25.141.181:29667
9680771b8da35a531690f2663e5d54ffcf84db52722598ed09aa3e99ef140543,IPV4:PORT,164.155.252.71:4449
b45bc47b705c7c7ce66c8d8ada89d6f358667ccd341f7a0df82cc39046b82bf0,URL,https://pastebin.com/raw/rsKSXpGQ
cb4ac8a2838e954946f2e4df7fc742ba9e87670623adf628f51b0938616c6cd2,URL,https://pastebin.com/raw/UqLSs2Fr
8f7ef69018eb900893dc9b32ccc16667d940a3aee43d526ce4f0d0f1ca152e40,URL,https://pastebin.com/raw/SB9rQiH4
6e2a535f5e8e2ae9aaa62102cc8a19d662f429728b89a89f906d99a252938190,URL,https://pastebin.com/raw/QUiXK1AQ
9c14f4ff1a2eff25d1f968ca5f6122ae0b8ccb57687e32ae4f4bb27c75ef17f5,URL,https://pastebin.com/raw/SB9rQiH4
70bbfd2457a39451d621019c7f6a3b3e936abe274af0f4e75cad74f4c7ec02e5,URL,https://pastebin.com/raw/F2fBLpkA
6e80c0cc167c428aa1cbf7fcb6550f7f74638ecebc764f8f2429459d0f689ec1,URL,https://pastebin.com/raw/fppkr5au
d916a1caf4300a44bb57a8dbb00649ebc519c0cef7a888a4944fbabbc2bdd1c4,URL,https://pastebin.com/raw/LwwcrLg4
ea4b5bf789f27c8f1cc79695740ee3eeefc455f25ec088042e94230b9a8bdba8,URL,https://pastebin.com/raw/0LDkEJDa
f493c276d8021ce4f6ea160ccddd0e18e78be279137abf3e8327c6f74e096a73,URL,https://pastebin.com/raw/SB9rQiH4
d048075befb33ef1bd53173804416ac5980187bf0f2db19abf7e6dae3253482b,URL,https://pastebin.com/raw/LwwcrLg4
a92cb8a2846ecb5f100f8b22c5a3229c10753bf4424aba476db179c63be05d94,URL,https://pastebin.com/raw/7SdWk380
cd1403be504238bc7bac4431951f74a998052a231552c7ba9a542d9ccff3459c,URL,https://pastebin.com/raw/SB9rQiH4
2fea578a030b6bb678a244fb1169d5bd0defdc9be90d2129ed67c4f8221508f2,URL,https://pastebin.com/raw/RtmhMj7H
decf2de989c6a67958ec668b3bd68df7520feb55e551a353dd8c3d06b0eb92ec,URL,https://pastebin.com/raw/m0BTTc9F
1fe27793a417d921efa29691bd754fd1bdfdafbf1088f8f54a297f9719d45b1b,URL,https://pastebin.com/raw/SB9rQiH4
799ef4c514366a025e1c2e63a20bdecbc6fbbf2bc2b6eefcb57462292d318751,URL,https://pastebin.com/raw/LwwcrLg4
c53670993fb57b0295f31d7be7a48e9e4b2889e89169f696dd084958d2d8cb39,URL,https://pastebin.com/raw/XujbzyYq
b45bc47b705c7c7ce66c8d8ada89d6f358667ccd341f7a0df82cc39046b82bf0,C2 @ Pastebin URL,2.tcp.eu.ngrok.io:12002
cb4ac8a2838e954946f2e4df7fc742ba9e87670623adf628f51b0938616c6cd2,C2 @ Pastebin URL,94.46.175.132:45807
8f7ef69018eb900893dc9b32ccc16667d940a3aee43d526ce4f0d0f1ca152e40,C2 @ Pastebin URL,wnindi9-24224.portmap.host:24224
6e2a535f5e8e2ae9aaa62102cc8a19d662f429728b89a89f906d99a252938190,C2 @ Pastebin URL,bomba1.ddns.net
9c14f4ff1a2eff25d1f968ca5f6122ae0b8ccb57687e32ae4f4bb27c75ef17f5,C2 @ Pastebin URL,wnindi9-24224.portmap.host:24224
70bbfd2457a39451d621019c7f6a3b3e936abe274af0f4e75cad74f4c7ec02e5,C2 @ Pastebin URL,31.201.66.248:3032
6e80c0cc167c428aa1cbf7fcb6550f7f74638ecebc764f8f2429459d0f689ec1,C2 @ Pastebin URL,discussion-lib.at.ply.gg:2290
ea4b5bf789f27c8f1cc79695740ee3eeefc455f25ec088042e94230b9a8bdba8,C2 @ Pastebin URL,7.tcp.eu.ngrok.io:18746
f493c276d8021ce4f6ea160ccddd0e18e78be279137abf3e8327c6f74e096a73,C2 @ Pastebin URL,wnindi9-24224.portmap.host:24224
a92cb8a2846ecb5f100f8b22c5a3229c10753bf4424aba476db179c63be05d94,C2 @ Pastebin URL,193.161.193.99:31780
cd1403be504238bc7bac4431951f74a998052a231552c7ba9a542d9ccff3459c,C2 @ Pastebin URL,wnindi9-24224.portmap.host:24224
2fea578a030b6bb678a244fb1169d5bd0defdc9be90d2129ed67c4f8221508f2,C2 @ Pastebin URL,kitchen-suicide.gl.at.ply.gg:23894
decf2de989c6a67958ec668b3bd68df7520feb55e551a353dd8c3d06b0eb92ec,C2 @ Pastebin URL,5.tcp.eu.ngrok.io:17844
1fe27793a417d921efa29691bd754fd1bdfdafbf1088f8f54a297f9719d45b1b,C2 @ Pastebin URL,wnindi9-24224.portmap.host:24224
