sha256,file_size,first_seen,apk_package_name,apk_app_name,apk_app_name_en
f3d04a7f77498acec86efc8d372c4d6eac591d8030f0a867ab856074e4da1fe6,970799,26/11/2015 16:17,com.android.henbox,备份,Backup
2a7ab147d9e7c7f5349f5f929a2f955fb03b376d29d02d5a41d5e6da31d7cdcf,12891859,14/12/2015 07:35,com.android.hantool,يۇلغۇن,يۇلغۇن
ed35dab84aa4de72e782aef8cead90688d5c664de878207488828ed16902e828,889829,21/01/2016 06:21,com.android.henbox,备份,Backup
c6117397a54a1c2fda6efe40b1a209c14834f9ecb82136e06174c16644a59657,890337,11/03/2016 13:36,com.android.henbox,备份,Backup
2db13b0cdede04b1b050744114e6c849e5e527b37bcd22984b265dff874dd411,969282,18/03/2016 01:21,com.android.henbox,备份,Backup
b0e0d35649d6e5405d051580d0c2a7ca5d3eb58f38bd51d0b8b7b98813256ea1,1026102,30/03/2016 00:48,com.android.henbox,备份,Backup
5808df07cedf15451ab0984e9c60b077602de258319d48cf88b0cc4ca7bb57a0,1026101,31/03/2016 00:03,com.android.henbox,备份,Backup
fa5a76e86abb26e48af0b312f056d24000bc969835c40b3f98e5ca7e301b5bee,19399869,01/04/2016 00:59,com.android.henbox,Uyghurche Kirguzguch,Uyghurche Kirguzguch
f28761f897e3a0e1dcdb0a993076a1cc48a1b17361d3f401aa917406332a79f1,3559150,09/04/2016 10:49,com.android.henbox,BlueDict,BlueDict
0589bed1e3b3d6234c30061be3be1cc6685d786ab3a892a8d4dae8e2d7ed92f7,2740860,20/05/2016 03:58,com.android.henbox,DroidVPN,DroidVPN
60adc526a1bfa8df150c25016d220544671a62820493b66a8467436181b8d224,868714,27/06/2016 17:29,cn.android.setting,设置,Set
d68070f75341ce070b11a4ecda28d80a85303fa102fb4cb84c3dcbf97863bcc5,868712,27/06/2016 17:51,cn.android.setting,设置,Set
cf36fb6f2d4029876f50d6a1eb9eafb13eb0bc6a57e179172ffe67a305f33c41,868510,07/07/2016 04:38,cn.android.setting,设置,Set
e0427ca401d68c347ef14f65a94735f76238f59710d99c4097e51da23cbb2a6d,868516,07/07/2016 06:39,cn.android.setting,设置,Set
a26802ebe8ad4dc076becbc18b32a825cf057ff2059a0742ece86afe6fcb496c,1026105,11/07/2016 17:57,com.android.henbox,#N/A,#N/A
5fff623781636b2af95327293f246e0d83b90012f067a8c9e6c2b5869e606465,868527,12/07/2016 16:17,cn.android.setting,设置,Set
88c08e7084d4e0db14fc5fec6c906ff89e68b54df09096d49573b1906dd1ecd2,868519,13/07/2016 10:54,cn.android.setting,设置,Set
198ff17259ad377fae62ca49daaed0d9313831d5a12b16a79dd54045eb6909b8,868528,13/07/2016 11:23,cn.android.setting,设置,Set
2f7aa05b16d870d34feb1faa62bbfb9c5cffd4a52ea094c66657887b7c7046d4,868726,13/07/2016 12:01,cn.android.setting,设置,Set
6f0de72ee2df4206102c1ff93955fef07cee84a1ba280ef3eda3db9a7eafb22e,868733,08/08/2016 23:06,cn.android.setting,设置,Set
000473f7168ebda3de054a126352af81b61dd0be462ae9b3c7ccc0bc5cea7986,868525,09/08/2016 05:49,cn.android.setting,设置,Set
efff4243b6143c937509f52dbe7c4e40ceb2eb226f7cc1c96d8cf9f287668e37,868718,19/08/2016 12:01,cn.android.setting,设置,Set
2782265ddd3a0d94d4f2622366b3401002dcfe1a9b99b7cbf6d5e824ff14d728,1080461,12/10/2016 17:03,com.android.henbox,备份,Backup
f88c84156d8e9fdec6f5c400135277ecd03e4b1d95e7d3b6f5b8c8a77eeb055f,868502,22/11/2016 08:51,cn.android.setting,设置,Set
444e73bd1020d08dc2901a041d675db1060815914024855daeddbc201e3ad4ee,1023792,30/11/2016 15:47,com.android.henbox,备份,Backup
a1bf2f3fcac9d1aae94eb7a6dc37be00185e102e504032f4ffa391ddbd4bd353,1023787,02/12/2016 09:35,com.android.henbox,备份,Backup
153794e424eceaba48e28e7f3333ab0c9c7addeda1c5de7835b191f5f25e4e34,1026098,23/12/2016 05:59,com.android.henbox,备份,Backup
7f76f102ab233528ce3cb111ae3b026cf16b3233c6bf3002de8a0daea3ebc0d7,1080472,04/01/2017 01:44,com.android.henbox,备份,Backup
740a54e1f89cb321d13396987fd26d52c6c66c49894283c6d9889156e063ecb3,1080462,03/02/2017 05:16,com.android.henbox,备份,Backup
92c5fdf61b378e5252b0eb70a5cfd7af2d27c915aece48e32b9c2ba04a5fa5b3,868710,08/02/2017 07:24,cn.android.setting,设置,Set
3db36dc3b21dbd0a9037cda21606d37c1a1dd493346e00e36231a252a14446d6,868712,08/02/2017 08:43,cn.android.setting,设置,Set
d4ef4bdea69a248f9792211c4d52882ad6262f7223fc1aa9f328abe50412669f,868712,09/02/2017 23:52,cn.android.setting,设置,Set
cdbd4b98625c4766cbf72f69ce951faf49a13394ea85e7a23188e70a209609be,236606,14/02/2017 15:35,cn.android.seting,设置,Set
0efaf91842a7e45562e97bda369efa6e14f98bf9d63782ec9c323fa246da549a,868714,15/02/2017 15:35,cn.android.setting,设置,Set
0387baebb2b0c678e46e7291325e91118c53a3206d73c1145c082b10cf6a65f1,868515,15/02/2017 15:45,cn.android.setting,设置,Set
20fcff9826373d50abe813d3cb0272bf7b65617196cd4ac8d4646b8fd3256bea,868514,15/02/2017 16:15,cn.android.setting,设置,Set
e9da842ccf4a681226577c26e2becea079080a4b6838171c06bb358db132bc5e,13532189,15/02/2017 16:42,cn.android.setting,探探,Explore
0bfbbca56718b5bae7e21613a9884ea80db53aa1eca9cacf5a793e52f6a724e7,1026107,17/02/2017 15:23,com.android.henbox,备份,Backup
2510aa8736c5462e8784f1cf494716bb923f97645899c73c56ead1ff58b35499,3244958,17/02/2017 15:25,cn.android.setting,床友,床友
c153ed3b2ae96cb2ec55294f89180302f89e9dbca6a192eec7bd4f3591b8252e,2224168,17/02/2017 15:53,cn.android.seting,床友,床友
6d441e6b75fa0ea1880937d7c94dbd1caaa210915d386dfb5a01ca22fd813d28,1026111,17/02/2017 15:56,com.android.henbox,备份,Backup
eb31fc24f727bc6f25b7a90dc86c127099384398b7182ae52d3fe23950e9ed8c,1026114,17/02/2017 16:19,com.android.henbox,备份,Backup
da6d75e996b0bafad782d87c809269ef5ccfa62c938039790333f0f2b4ecafe3,4584246,17/02/2017 16:30,cn.android.setting,同城婚恋交友约会,City dating dating
011509bb9cde31c0b45c49747ff150abcfa66d283ff986f167bf564bacfded4d,1026104,17/02/2017 16:32,com.android.henbox,备份,Backup
bb91d7bbea783bacd57a92691ebcbb449d9606f2f3bbb77538ec751a8b01d8a9,969286,17/02/2017 16:51,com.android.henbox,备份,Backup
35b1f11a97dd5c05c87328e2ed4ae5776b84d3ce6cf4cdbc2faa1865dab2e09b,4584250,17/02/2017 16:52,cn.android.setting,同城婚恋交友约会,City dating dating
8a28fed36cf0d8640c7086770614e33d3788200bc7b0b408873873cd17e31653,1303688,20/02/2017 12:31,com.android.henbox,备份,Backup
4ecf03a1eaa0255340a41e48728be1d50dab724b72f9096a1f537fa578e76d17,868712,22/02/2017 16:21,cn.android.setting,设置,Set
228d1c80a92641c6ba9c9d1e68146e9bb66f02605135c2603db3ace692cc05f2,868509,23/02/2017 15:33,cn.android.setting,设置,Set
775c2dbf6dd7423bd098b216bd6dcf11104e885e451fa95ae64dc18fb54a34c7,868519,23/02/2017 15:56,cn.android.setting,设置,Set
4a8c5194183f2a5b593654a29213c6f705f083ddbbff10a0bb1e7695c66a0f89,868512,23/02/2017 16:01,cn.android.setting,设置,Set
b779a7a05c226a14c2f4bad1f22c493a2a9de8b988b01602fbe60d1f6dc2ba8c,868511,23/02/2017 16:15,cn.android.setting,设置,Set
8b4e60160089b6af71e3c555c4bdaa9344b76a5f0dfd1ecc3a6e8c23f0940b2a,868518,23/02/2017 16:32,cn.android.setting,设置,Set
3ffa8ef36934420b08e4139385400da774f61cabe000557ff025af650f2964bb,868739,27/02/2017 16:26,cn.android.setting,设置,Set
801d54f829668487c2ed28dc56beb6f156a6100a3be12805e1104fb9f68f6a00,868713,27/02/2017 17:11,cn.android.setting,设置,Set
55e65d1fba82a21b0ee52435be890279cf7ae747abba7f448a6547ba2ed9666e,868527,27/02/2017 17:17,cn.android.setting,设置,Set
de9d1c68ef9df6dd72455f50d1cdffd76e24a501bbbaa3cacc4aedb74b2f743d,13531977,27/02/2017 19:02,cn.android.setting,探探,Explore
718bab91ba29791a494c31783b64ce1fe3d78bcdd6a6f909588e198fbea3b3cf,868502,01/03/2017 07:45,cn.android.setting,设置,Set
b3413e09ceecc305187d08007ea86f654a451952807e37b8f2dcd14a8127042a,868719,03/03/2017 03:40,cn.android.setting,设置,Set
b34b09d7b4bee3125ea9b27c128c4239c78d3be95d9d5dff73c68e479353db5b,868506,03/03/2017 03:44,cn.android.setting,设置,Set
7d8a47cda9367ee31ebf58dd226afc583b34a73476ed5ff1b2b3f2460cd4c339,4480993,03/03/2017 04:58,cn.android.setting,uyhl,uyhl
4f6173659e2c23835228f2e05daacecb618c099878d0028dd9a52b9682de2ac4,8423171,04/03/2017 04:46,cn.android.setting,无秘,No secret
b5598c4a26f3b4a143a413c46935f0506afd7e400ecf4c6ca05595e83d8dc2c7,868734,06/03/2017 19:58,cn.android.setting,设置,Set
a5d9efae12c9e5913156b5415581678748bdeed25a5767438afadc869d25e0d4,868504,10/03/2017 08:00,cn.android.setting,设置,Set
ad5a6b9ca0389c458dde73a456404634eec473cf5833914c7466af41e23b6ea9,868710,10/03/2017 08:15,cn.android.setting,设置,Set
bf16b9f012e1a0724f95a0e61a8748be3c9fc3fe3bb5a82bf3efd9b8211591fb,868752,12/03/2017 23:32,cn.android.setting,设置,Set
b0bbcee232f27a1b366f8a7ed1d2c3056f9a67fa70e42c1fa7cfb7c778df8cb5,868745,13/03/2017 00:31,cn.android.setting,设置,Set
a89bdb4fd54b9488fd6f2685a4dcfa1c106d4ac9f9fb8f8992e557e306184f1a,956487,14/03/2017 13:21,com.android.henbox,备份,Backup
ddea532ef46abb9bfa77acdbd38155d9a92381f777fe4c797967203578aa0966,956490,14/03/2017 14:17,com.android.henbox,备份,Backup
1da0e30b4b2ad2626a3f069f0f50f81d29b789d41385db26d7c84da3af02cd1c,1080457,15/03/2017 02:20,com.android.henbox,备份,Backup
7603126f04e9e7cff828aabc060349d6dfbd76e795df7b0e798b3b0914ad13a0,956489,15/03/2017 19:09,com.android.henbox,备份,Backup
a267176bdc1779b19fde2e38f5f062478e8cf173582e38a26538512d64d85ecd,868716,16/03/2017 12:51,cn.android.setting,设置,Set
0a4f38a83abbbab3a039be95862df7848f28513baa1da52a74a9e6a31f63c9b7,956491,18/03/2017 22:46,com.android.henbox,备份,Backup
3b345ffe7fac9aef0c9e0be3f01e8f9e1f3e0442849cc0e3f979b9866465b6bc,868741,19/03/2017 08:22,cn.android.setting,设置,Set
d3dd162e7dee6022826e7fef23cb84f17a948d2761013a09943f165f378197e0,868717,19/03/2017 08:30,cn.android.setting,设置,Set
0e31575bf0001d818d87aa134e728f62e7f2d27ff9437897303eb8ae1962a865,868723,19/03/2017 08:51,cn.android.setting,设置,Set
80a35bcbce326d05dd74ed05560db41a0f9471c4922fc9fe88d0b1a94c3cb1ae,868722,19/03/2017 23:54,cn.android.setting,设置,Set
a8ea1140a739b2aeeb838d7fe2c073cb834bce46db22071022bd181a59422af1,1026143,29/03/2017 23:44,com.android.henbox,备份,Backup
9d85be32b54398a14abe988d98386a38ce2d35fff91caf1be367f7e4b510b054,1026146,01/04/2017 07:41,com.android.henbox,备份,Backup
efa3cd45e576ef8ab22d40fc9814456d06a6eeeaeada829c16122a39cb101dbf,1026128,02/04/2017 03:43,com.android.henbox,备份,Backup
184e5cbebef4ee591351cfaa1130d57419f70eb95c6387cb8ec837bd2beb14d6,1026139,02/04/2017 04:06,com.android.henbox,备份,Backup
5a3c44a6e8c8e02e69caa430f41ec80b94740d099bbcfbf39cf08280fc6e16bb,10757166,27/04/2017 00:16,com.android.henbox,WJ VPN,WJ VPN
b8f785a6581bf438b1947e498b8f2255607440347d8f8b5cb31f3b98427330e6,868711,30/04/2017 20:04,cn.android.setting,设置,Set
577ed81e07b62d9c363c505271d1f2a81592a69e1a60a82fbe8fff16e7d3419d,868711,30/04/2017 20:49,cn.android.setting,设置,Set
c4ee98d58d38f6109d843955277f1a37bfb138a14113c6cb38bcb6eb857d4977,868712,30/04/2017 21:02,cn.android.setting,设置,Set
a728c653b9c7be4b058eff329afb826db755fdddc4e10ba67191816db7dbeac0,22760519,02/05/2017 09:48,cn.android.setting,爱奇艺,IQIYI
66eec9ffa2906e56656e649d5b632526e829d7142a75cd27a006bf82775e8c45,1076757,02/05/2017 10:00,com.android.henbox,备份,Backup
5f16c23f92a10de59efc9a081e0c79458faa3fabb24a1356dbfff7cea8611a3e,1080459,06/05/2017 02:36,com.android.henbox,备份,Backup
1749df47cf37c09a92b6a56b64b136f15ec59c4f55ec835b1e569c88e1c6e684,2157373,10/05/2017 19:25,cn.android.setting,设置,Set
89ef65813bccb8197da4af68ba8f9e8e123f3aad4ed41736f8039ad2c6817a25,956496,12/05/2017 16:27,com.android.henbox,备份,Backup
7f28caeaa484496f85c80580cd88671961149aae2295c8777becb2970455504c,1080453,14/05/2017 19:21,com.android.henbox,备份,Backup
286bd20f3ea944703c8c87e66708d6b32046a640863afba7f3c4c72dc28d37d1,236610,14/05/2017 23:58,cn.android.seting,设置,Set
44388ec38ee36177d6804d778ee554b2d063db3b88d7480eca6587ff68a15982,1080461,16/05/2017 09:52,com.android.henbox,备份,Backup
2345a56d61e052af3265ee0fae47b22f1551ede4eee45bca30ad5fb9fac7a922,956491,19/05/2017 19:30,com.android.henbox,备份,Backup
d29646f2c665ef91c360e24242c634ee9051d4ab01cb8f87265088e47f41d690,1080457,29/05/2017 16:18,com.android.henbox,备份,Backup
4d437d1ac29b1762cc47f8094a05ab73141d03f9ce0256d200fc691c41d1b6e7,2448010,20/06/2017 13:00,cn.android.setting,islamawazi,islamawazi
a1e465d905434d5dae3bb7acb7c148ef8ed0d341a6d9121d09adbc126cc3a907,890319,27/06/2017 15:27,com.android.henbox,备份,Backup
45e7dc9c0e33d4754384365a60604c66d72356a994cbed8e8eab8796cf1579e2,1368450,30/06/2017 20:36,com.android.henbox,备份,Backup
b48edd2270b1aeb014291eb3ac2aaa1d4b7ee4694965d0de2c0978b2feae946d,1368450,01/07/2017 23:30,com.android.henbox,备份,Backup
2f2277898f34a91a365f1a090d72678768c5e420c8350f340cc4b4602cd8a710,1026109,10/07/2017 03:56,com.android.henbox,备份,Backup
53238af90efd8531686432245c516db04cd163584a811d6e5835a42fe738fbab,1080466,10/07/2017 23:31,com.android.henbox,备份,Backup
70512a566f33c636ad071d18e82db89f9531a6133be89b7d3f18fc9f7730b078,1080463,10/07/2017 23:33,com.android.henbox,备份,Backup
6a518d29232d3f68aa5c78df4a8d212f924e03379dc2be0a388b3118779fe583,1080454,12/07/2017 14:13,com.android.henbox,备份,Backup
3e026154767b6a101d3a852946e9eb3ed1c96662490afe9b601469a8459e325b,1368456,15/07/2017 03:48,com.android.henbox,备份,Backup
993692d5540c40614f4da430cf4cea64a7e0e7f950452abae19bf608afdf20a6,1355701,15/07/2017 04:17,com.android.henbox,备份,Backup
3c62d00a9740c49cf01fb7635260ff71e0ac44cf80da749ca4101869120f2233,1026101,15/07/2017 19:23,com.android.henbox,备份,Backup
1d4dadae0c696fde2fef99eb99188509dc0d5fbac7ee07d4f0d5a92dcc922ad7,1303675,15/07/2017 19:24,com.android.henbox,备份,Backup
49556e972a35c9d592bf64ab37056f6da356b2061c1ce269d9c3af73978756d9,1368460,19/07/2017 08:01,com.android.henbox,备份,Backup
8b78f469f3eda0cb02cfbf5598f0a7449cb63b7181d7fd5037ebb9cb8aff30a4,1368464,19/07/2017 08:06,com.android.henbox,备份,Backup
d0e58c3e9d881f875532d1bb8bee63e4ac8728458708361f754db97fba6be22e,1368461,21/07/2017 12:59,com.android.henbox,备份,Backup
48f38b671847bfba3810b74d1d815c2bb4cc94392b98e1f59f95e748eb410465,844194,26/07/2017 17:37,com.android.henbox,备份,Backup
51714b8f34db94cbd8916374af4d8e63b56ef41fa819d2d697f1a3975a32960e,790585,26/07/2017 18:47,com.android.henbox,备份,Backup
54366ee485b43cea10624d62247a48b12c1ce35c49295491f7fbb6323c68da7b,1356599,27/07/2017 18:36,com.android.henbox,备份,Backup
be548c26d0863b812948a16f982e96557319346fad897f67dc7873108203fdce,1368453,27/07/2017 18:43,com.android.henbox,备份,Backup
077239b3bedaa850b82204fdd42e5e45fedc3dfc2f6da5aab04d768370e990fa,1368455,09/08/2017 10:01,com.android.henbox,备份,Backup
7ba216b88f84c9a0ce90ca5500ddc2e80100b23ef3784d133b69870768f1e3bc,1365520,10/08/2017 09:44,com.android.henbox,备份,Backup
779b09c61951818e5afb47c369fe9b5fa7b7f6139f589f14b3042b2ac96809d8,1355287,18/08/2017 10:05,com.android.henbox,备份,Backup
c375aad52c292b4d5c4efb02a33e2325a27f27158bb13c048f533a2a9d0837fb,1355283,18/08/2017 10:09,com.android.henbox,备份,Backup
4cbb5a0d9b6f64dc9d8dd9aaac5651649e24b2cd7248eb9db32191102559ab9c,1355700,18/08/2017 10:09,com.android.henbox,备份,Backup
6f5e7f6ca2f25667d5fe55d7e8ec1b816d6db8b31cb28dff43b4f2f73d70ecdb,1355290,18/08/2017 10:13,com.android.henbox,备份,Backup
ae5598ccb3f2f31d2ec967808988a47d6ce4d1cd5e6808d1194ee93c6400039c,1355286,18/08/2017 10:31,com.android.henbox,备份,Backup
a6c7351b09a733a1b3ff8a0901c5bdefdc3b566bfcedcdf5a338c3a97c9f249b,1026122,29/08/2017 06:36,com.android.henbox,备份,Backup
ec2e060ac633978b9b700aa95784255b9796f4fb51c188b1c79d5947df07bf98,1355286,10/09/2017 19:39,com.android.henbox,备份,Backup
dee79253deaaa57af0fddb2c8ec5d4cc0546dfe3c1d05c2916a44a37eef3d9f8,1355287,10/09/2017 19:44,com.android.henbox,备份,Backup
51db059a833377666f92f64ae1e926b83da8821876c66949e320b55c1a929ff8,956485,10/09/2017 20:04,com.android.henbox,备份,Backup
2be931f008a9ea62aa35091eb9a5629824e81499ce7a5219101ccd39a02ecdec,1355281,10/09/2017 20:10,com.android.henbox,备份,Backup
14f715228acff7d8bad057e4bf996635d76ab41ae25ca8a3f90196caeb241446,1355718,10/09/2017 20:11,com.android.henbox,备份,Backup
e326501a0fb15bf19ac135f501b84caa2587d1fb2cad9e034f1756898686dab4,1355286,10/09/2017 20:12,com.android.henbox,备份,Backup
2c5934db000a2838d42cf705453e29d16f4d4bb462fa65e134ce78b4266cefee,1355276,10/09/2017 20:22,com.android.henbox,备份,Backup
59ca2754279d9cba40334c35907e2e1fc6fd2888b2c180e5b0b8d73accbb40f2,1355284,10/09/2017 20:34,com.android.henbox,备份,Backup
7774432c67f3d3688a1a1b21edc0a73d9d47990cc1f132663b0010ff4bbd6e87,1080459,10/09/2017 20:37,com.android.henbox,备份,Backup
6e1812f7bf313552bc60b6be5b46bdfd44582775e3cb19cf6a231a903aec508b,1355285,10/09/2017 20:47,com.android.henbox,备份,Backup
43ce0c3e63de64f032ea7d4ca77c4b40b86d57e1d237f771b21c1f9c8f41eafb,1355715,10/09/2017 20:50,com.android.henbox,备份,Backup
fed084773542120fe77b880fc136bd20979cddc286b75b651d01aa6e32234b2d,1355284,11/09/2017 16:20,com.android.henbox,备份,Backup
8de4e886b69046c2942e26d8b2f436695ca27060f6a74c797c620502f87887c9,1632855,11/09/2017 16:41,com.android.henbox,备份,Backup
5010236b481d8d2ebc45ee95154f10ffbb317eced86401486f63276520049896,956502,14/09/2017 00:33,com.android.henbox,备份,Backup
af2d44e36cc28727e29b0d9aecb4b17534a195faacbf4192ce1483a9bde65edc,1355289,14/09/2017 00:38,com.android.henbox,备份,Backup
2e4aa7777ba449071b90c0c13b803ddf6c6f10576eb9806acde6c3d1391db463,1355282,14/09/2017 00:56,com.android.henbox,备份,Backup
a1644194faac76a1d49fd96b875a3f9026993e9f21f6dbc50dc59aeb5e7dac4b,1355281,14/09/2017 08:40,com.android.henbox,备份,Backup
7ffc1afd5749e7731f4161a6348205555e5892f1bd3446b6d0c5e7bbaa5917e3,1355287,15/09/2017 09:11,com.android.henbox,备份,Backup
9f8909b1615aaa0fed38ad27162ccf3437e2eaa59cb0c990261c866f075c4113,1355283,15/09/2017 09:44,com.android.henbox,备份,Backup
77b6e8cd1e6de9ee22bf0e9d735089ae24134ab955f0975d4febc9ed6b60af38,1355286,15/09/2017 09:46,com.android.henbox,备份,Backup
a3deca8203792d4b34242e8f5d0f7e2e3d054f08d74885ab7ff6f3a6f4b2578a,1355284,19/09/2017 07:58,com.android.henbox,备份,Backup
75fef2a0f05ae2ad971b01041fd3ed5ceacce306d78930bc2eba190c39799bc7,1355288,19/09/2017 08:34,com.android.henbox,备份,Backup
56c1e23b12e83573440019084b9ce39f8f5ddd9d6de51edaf1f83e020fc648a0,1385628,23/09/2017 04:11,com.android.cicibox,备份服务,Backup service
b098be6fd1859ee70ef123c59d5e2a1db435f990c9378b41af0c005f76ba24f2,1368457,07/10/2017 19:23,com.android.henbox,备份,Backup
8095cf4f6aec1983bd9f81ca85c1b27415e200b315f757613afb4f0334c99f0b,1368458,09/10/2017 09:09,com.android.henbox,备份,Backup
3cce965887d4677069cb9160d7c7c122087a5f434e095a9f0848c3e838bca9f5,1355703,09/10/2017 09:23,com.android.henbox,备份,Backup
4d1e37e5840e8a4d5ae0f60cf33c593f595af200fbf998c3af809fd0c225c475,1355692,09/10/2017 09:26,com.android.henbox,备份,Backup
5a999904b2f03263a11bcc077ad179333b431fb9e6e8090f371d975ba188e55e,870221,13/10/2017 19:27,com.android.cicibox,备份服务,Backup service
3d525435cbd88b4f1f97e32e2c6accf7855f4cc576ecbd87ad05a05ddd2d2f79,1389797,27/10/2017 11:57,com.android.vivibox,备份服务,Backup service
2a7e456d2700ba13af48efdcf1f699bf51b6901a3ba5c80c009aaaca86235e5d,1355284,01/11/2017 20:06,com.android.henbox,备份,Backup
3c2109adf469bfc6c320ac824355f97a2b0f5ff01891d1affcd1a5b017c97195,1732515,04/11/2017 04:33,com.android.webbox,备份服务,Backup service
a7cfae9b12542b293d8265770a10946d422736d6f716af17f7b963603e422c51,4509625,13/11/2017 02:04,com.jrzheng.supervpn.view,SuperVPN,SuperVPN
4eb768b52b687de49c7da8845bbd7671e2e076fe64bf23596a409108ef3fbbbc,1080466,21/11/2017 08:12,com.android.henbox,备份,Backup
7b7887d4ad7cab0c53d6f8557bbdf616985f3434ba536a5683f6fba604151d04,1368455,23/11/2017 12:00,com.android.henbox,备份,Backup
201eca94a9e8023d021a2b4a1517c4e46cd01e3be323bc46660c1c6f42aa6abf,1368448,23/11/2017 21:49,com.android.henbox,备份,Backup
f5abd5e7e325f16df3e96ff55a19ebf524f40f9ade76003355eb1d68bc084006,868546,25/11/2017 22:18,com.android.vivibox,备份,Backup
bf0ab0362ee39191587921b75ab92bf6da12e377dbfdf4f7a053c1217841bdfc,1389791,30/11/2017 03:23,com.android.vivibox,备份服务,Backup service
a6c1da9559d72563848802ed14a7421515009c2a0ffb85aab74c6e42584c222d,1385626,30/11/2017 03:23,com.android.cicibox,备份服务,Backup service
f0fd8c5f4487df7592e5b7fa02f19f23d3ad43f5aaab84257cc560bf5ea76f1e,1355700,30/11/2017 03:23,com.android.henbox,备份,Backup
3417899195780c8186356d49bc53b600b3b0e49aae83d9aeb27e518b6964be04,1355699,30/11/2017 16:11,com.android.henbox,备份,Backup
51cfc1a658e63624706a6bb2ed2baa63c588e7ce499bd116a3d5752743fefb54,1080460,30/11/2017 16:20,com.android.henbox,备份,Backup
7bf0e70fb4ffca19880fecdeb7e7e5d0fb4681064a98c71056cbb29c80ed6119,1368459,06/12/2017 09:14,com.android.henbox,备份,Backup
9b57ab06650a137a5962b85ca9ae719e9c3956d68938a6a2425dffe8d152941a,1732508,06/12/2017 09:15,com.android.webbox,备份服务,Backup service
9192602e5a3488c322025991ca7abcbdc8f916e08f279004a94cec8eb9f220b4,1383932,06/12/2017 09:19,com.android.vivibox,备份,Backup
e835e4907c9ff07a3a8281530552eaed97d9dea5b182d24a8db56335bad5213d,1385621,06/12/2017 09:20,com.android.cicibox,备份服务,Backup service
0fa384198ae9550e008e97fa38e8a56c4398fc91e12eddba713966bfed107130,937554,09/12/2017 22:54,com.android.henbox,备份,Backup
16bb6ff97999b838a40b66146ff4c39b9c95906f062c6fe1e3077e6e30171a4d,1384837,12/12/2017 04:57,com.android.vivibox,备份,Backup
ea0786bfe145d8c763684a2fdf2eb878da29c1b6ae5aacd1a428c9ffead4bad8,1389801,12/12/2017 05:04,com.android.vivibox,备份服务,Backup service
446734590904c5c44978e4646bbbc629d98236c16e29940b32100c1400aebc88,1355357,19/12/2017 03:34,com.android.henbox,备份,Backup
07994c9f2eeeede199dd6b4e760fce371f03f3cc4307e6551c18d2fbd024a24f,1646026,03/01/2018 08:12,com.android.henbox,备份,Backup
e8c5dd35c7286e5ea576b23dfc553734a4d9664a9d5fccf5468f4c6a3e48ad9c,1460180,04/01/2018 13:46,com.android.henbox,备份,Backup
14bc9f588c2094c96ca92a44fdbabdec00cff2652a5a72c7c8b6f01c6724e76f,1368456,05/01/2018 03:49,com.android.henbox,备份,Backup
40744b2d8a23378d5211530e1f75bd6090c3317112b8c861f59b98487cb40a63,1385626,10/01/2018 07:37,com.android.cicibox,备份服务,Backup service
9c65c515ca17034836fe734c9f94b090cc4a3b34e2469a35f814d936f2ebf046,1368488,10/01/2018 07:42,com.android.henbox,备份,Backup
689b435cca157dbd9d7df5483765a0babcad907874eb75f3952f11e360f06f65,1385621,10/01/2018 08:02,com.android.cicibox,备份服务,Backup service
cbc768c33b054e8493f17c5530efd4b974dd6a397de4f37a7fb0dc5f4f11175e,1368462,10/01/2018 08:11,com.android.henbox,备份,Backup
be011d7a648565f4f387f4d7708a08b288e74604fcca5dcaf5f797dc15e395ec,1368484,17/01/2018 00:48,com.android.henbox,备份,Backup
3d7af6290b169ad59d587ca6e076a95dcd0256c3436edd1ccbe9d4718d00c615,948583,16/02/2018 02:31,com.android.henbox,备份,Backup
00c89e5e5c1e6c129bf7f0b489af2439902014427e3342e7ef2fab0f4fe64361,1368471,21/02/2018 23:30,com.android.henbox,备份,Backup
1b89a65a0ae4cdf3c49b96fa7c12bde75dbc61b7ea48843ae95d9e5fe64152c5,1355704,03/03/2018 16:47,com.android.henbox,备份,Backup
849d8f100ebf8fdcbb59e1f43e544c759834011621512c64e0dbca301e533bb3,956476,03/03/2018 17:12,com.android.henbox,备份,Backup
aba5e67e80c0eb9f0cc65aac288c3998d716c405d930e7f3f2ef280e5d2e3723,1355286,03/03/2018 17:25,com.android.henbox,备份,Backup
339657ed7ed75bc6ddc04719b26ca67544e2c4f045d421aae6d1eb730c8e4d8f,2374492,03/03/2018 17:28,com.android.henbox,备份,Backup
334aca0af2e99eda568e271383afca5b76e0db0acf1a89f6980d5faf73a5efd2,1729857,08/03/2018 07:21,com.android.webbox,备份服务,Backup service
befe883a0ab6bf4b71edbd339f1d3c220371446299549a37f9026a38960e204c,1368450,09/03/2018 18:32,com.android.henbox,备份,Backup
7a893ae4a373d1e6e59221873184dc6b54f1f68736a51bfabb9d9796db0ac4aa,1355701,13/03/2018 07:10,com.android.henbox,备份,Backup
60d8ad89d78005c3b3304e654217d1caff1e7116cadc73f5b3f99d857258d357,5111501,22/03/2018 14:44,com.android.boxwe,云模块,Cloud module
ce561fc847896a0df2142c06f328171aead0d6e50129895e6ccf645c93a968a2,1009480,26/03/2018 15:23,com.android.henbox,备份,Backup
b8820e44ef5a202b4ae4dbed9a758594516184da10efb1e7a31b6ad54d978b76,1022300,26/03/2018 15:42,com.android.henbox,备份,Backup
59d19a24329357a4eb55bd5b5eba5688f97bd5aca6a5b28682b172984ba7c987,798760,26/03/2018 16:16,com.android.henbox,备份,Backup
0a66c510ee0599f6481dcd2f816442a25eddf200ded7235e90c019e441678057,1022305,26/03/2018 16:19,com.android.henbox,备份,Backup
4da0c357e68679f3b3478787e5a68bd5a16a9131d56c358c06cba3324330b077,1009477,26/03/2018 16:36,com.android.henbox,备份,Backup
b849d7dd52f69123ff414a38cb4e358571a47f1bde251386fc3f24db3ee25b3c,1368462,27/03/2018 10:02,com.android.henbox,备份,Backup
398d5ce463e5b87a26f4251869280e863a0ec6d0f411102da48caf16461f5d6a,1026127,27/03/2018 16:06,com.android.henbox,备份,Backup
0d5cb7b22c72250e8748ecefa668ae8e12369d9c98c556fa4bf138883611fe32,1356597,27/03/2018 16:08,com.android.henbox,备份,Backup
c5bd0d2551ed3f47f4d73fce25078386696b76edd0e1f3a9c063f568bd3247a2,62184,01/04/2018 10:07,com.android.backapp,备份,Backup
171b1553b692008361391c306dc58dafbad62edfd74e3e74ff2394061b068737,797840,01/04/2018 10:45,com.android.genbox,备份,Backup
10a37ed1d8aff44625f9782bae81aa75cc8293ae28098c954e5695bec24600c6,1368448,01/04/2018 11:38,com.android.henbox,备份,Backup
6f7ce83c4bc4d09b9b4f377f04831c7265d0217222e9fe11931d1a4162480e9c,798761,03/04/2018 15:36,com.android.henbox,备份,Backup
e7ccb3b777989f51300a11e2b9144393a2db0632d44088124a9a4a9db9021fbd,1009480,03/04/2018 15:42,com.android.henbox,备份,Backup
9e2559a18ebce0ebe4ac5646b1b4405cab9ca3d8fd1becf283f87a383cbde7d8,1022304,03/04/2018 16:17,com.android.henbox,备份,Backup
694355f92e2171ca2f7569eef185b3fd89cb9d56cb95f76bc84369536e2700b0,286871,04/04/2018 23:26,com.android.henbox,备份,Backup
f06f9535241c81501276f51bf0e7f6e605bd09f8cc899ee645a22d972b710c2e,798752,04/04/2018 23:28,com.android.henbox,备份,Backup
94be405338a62d8aeaf053c4db8f6cc672fa8451ecd76eeb75d5ff512891b073,786725,04/04/2018 23:31,com.android.henbox,备份,Backup
ca2e188a8d982d128d4ace853a45caa5f9ed3a67914ae21b3f4d5a087dba3660,786731,04/04/2018 23:35,com.android.henbox,备份,Backup
5450e5e6de3dadbc7136a8c20e13d8bb408538121e0a6b19ed6ad4dd19b6ac99,786731,04/04/2018 23:47,com.android.henbox,备份,Backup
f9f4b9c61aa10f5fe7243a0a01fa1b4adf8e400f74bfbdc304d2e39f9131a0ca,1368454,05/04/2018 04:37,com.android.henbox,备份,Backup
b720add86cddff8a9bce5f4e228307a0873f94d1f4e4347e6542a22bf61a9cb5,785808,17/04/2018 23:26,com.android.genbox,备份,Backup
8d8bd1309484d2a0f59ee04254d903f0e2d167f043bf6f65735cb4b253bca6ce,62179,17/04/2018 23:41,com.android.backapp,备份,Backup
4886d04ded87432664732f57c07f7eaba8c64c9a31ac8d6a2b03ad2726d13dc9,797786,17/04/2018 23:48,com.android.genbox,备份,Backup
ae14ba9e5f43bd39a6f072e7695e9194fb23434029e5e84e9b84720d75a86691,785814,17/04/2018 23:51,com.android.genbox,备份,Backup
e5be0e0751ed11aa66ed9217d6fd08e0589ced9d02f6eaf0c4103fe61a470f8d,785816,18/04/2018 00:07,com.android.genbox,备份,Backup
55b95fbfb31bf6c3ccde9f0c83c76226aaa8293fa28b66baee7527498b5602de,785806,18/04/2018 00:10,com.android.genbox,备份,Backup