First Seen,C2
2018-03-10 12:33:52,136.243.102.157
2018-03-25 04:11:00,136.243.88.145
2018-03-30 14:40:03,136.243.94.27
2018-02-24 09:54:44,151.236.30.50
2018-03-30 12:00:26,176.9.0.89
2018-03-05 20:21:24,176.9.47.243
2018-01-27 17:06:56,178.158.17.134
2018-03-16 21:34:19,185.159.82.52
2018-03-25 16:31:43,185.162.11.240
2018-02-27 21:16:54,185.173.176.155
2018-02-28 01:42:58,185.173.176.50
2018-02-16 11:46:41,185.203.240.254
2018-02-16 02:23:02,185.203.240.95
2018-02-13 02:29:52,185.203.242.200
2018-03-17 02:19:38,185.203.243.102
2018-02-19 20:35:40,185.209.20.119
2018-03-14 15:21:25,185.209.20.198
2018-02-16 12:13:10,185.209.21.103
2018-02-28 07:20:07,185.209.21.178
2018-03-10 19:08:03,185.209.21.52
2018-02-22 17:46:23,185.209.22.49
2018-03-21 04:33:05,185.213.208.114
2018-03-19 10:05:34,185.213.209.69
2018-02-24 08:12:44,185.213.211.167
2018-03-24 14:10:45,185.213.211.212
2018-02-21 04:24:21,185.213.211.239
2018-03-17 18:51:21,185.219.83.89
2018-02-22 22:54:36,185.220.34.209
2018-03-03 09:09:10,185.224.133.19
2018-02-14 04:44:58,185.224.133.252
2018-03-25 05:32:12,185.224.134.119
2018-02-20 16:08:54,185.224.134.130
2018-02-12 07:08:53,185.224.134.18
2018-02-26 05:40:08,185.224.134.61
2018-03-01 12:42:45,185.224.135.16
2018-02-13 13:52:47,185.231.70.182
2018-02-15 20:33:38,185.231.70.58
2018-03-02 14:52:47,185.231.70.77
2018-02-14 07:43:20,185.231.71.129
2018-02-16 09:22:31,185.231.71.139
2018-03-10 06:57:11,185.231.71.143
2018-02-11 23:57:38,185.231.71.229
2018-03-01 23:54:38,185.234.15.38
2018-02-13 16:09:06,185.235.128.137
2018-02-19 11:16:13,185.235.128.186
2018-03-22 11:48:40,185.235.128.190
2018-02-19 09:22:46,185.235.128.32
2018-02-20 22:26:25,185.235.128.42
2018-02-17 10:04:39,185.235.128.64
2018-02-26 12:15:22,185.235.130.201
2018-03-22 12:14:03,185.235.131.228
2018-03-28 21:05:04,185.241.54.134
2018-02-17 00:19:29,185.241.54.238
2018-03-19 19:46:56,185.241.55.193
2018-02-24 09:54:44,185.241.55.215
2018-03-25 19:56:06,185.241.55.36
2018-02-12 13:28:53,185.241.55.56
2018-04-01 03:08:04,185.244.216.76
2018-02-27 15:37:47,185.48.56.223
2018-04-04 02:13:31,185.50.25.41
2018-03-22 12:17:18,188.165.195.21
2018-02-16 16:06:57,193.124.112.133
2018-02-12 21:40:30,193.124.129.30
2018-03-30 14:08:59,193.124.56.68
2018-02-19 17:35:02,193.124.59.113
2018-02-15 14:24:17,193.124.59.92
2018-02-15 15:32:24,193.124.64.168
2018-02-11 07:51:09,194.12.124.56
2018-03-03 12:31:56,194.67.193.63
2018-03-05 12:23:35,194.87.145.60
2018-03-02 06:12:54,194.87.92.205
2018-02-25 06:34:05,195.123.213.22
2018-02-12 09:16:53,195.154.221.113
2018-02-14 03:39:40,195.154.221.121
2018-02-16 09:39:55,195.154.221.144
2018-03-27 18:39:07,195.154.222.132
2018-03-02 11:11:50,195.154.226.160
2018-02-27 03:06:45,195.154.226.76
2018-03-04 10:42:29,195.154.227.113
2018-02-23 08:31:55,195.154.227.41
2018-03-01 10:05:12,195.154.227.43
2018-02-24 02:56:26,195.154.227.47
2018-02-21 04:02:23,195.154.230.119
2018-02-25 12:00:04,195.154.230.133
2018-03-15 23:36:02,195.154.230.157
2018-02-22 22:37:23,195.154.230.235
2018-03-05 14:59:45,195.154.230.240
2018-03-01 09:59:44,195.154.230.84
2018-03-06 06:31:11,195.154.230.85
2018-02-21 08:48:34,195.154.230.95
2018-02-26 08:44:27,195.154.231.211
2018-02-14 01:54:12,195.154.231.45
2018-02-13 08:23:03,195.154.231.50
2018-02-15 20:59:54,195.154.231.51
2018-02-15 03:19:05,195.154.231.58
2018-02-11 07:30:36,195.154.233.164
2018-02-19 06:53:32,195.154.233.185
2018-03-12 11:56:10,195.154.250.89
2018-02-28 00:12:19,212.86.109.187
2018-02-25 16:55:17,212.86.109.194
2018-02-15 12:15:35,212.86.114.154
2018-02-19 20:08:34,212.86.114.191
2018-03-01 21:23:24,213.202.230.143
2018-02-12 09:33:07,37.252.14.159
2018-02-14 11:57:35,5.188.231.107
2018-02-26 13:18:51,5.188.231.246
2018-03-25 14:26:49,62.141.42.190
2018-02-12 16:08:05,62.210.139.234
2018-03-28 20:25:24,62.210.142.233
2018-02-17 08:39:16,77.220.212.78
2018-02-27 04:30:09,81.177.139.248
2018-02-19 06:11:19,81.4.104.135
2018-02-15 08:12:13,82.202.231.21
2018-03-05 04:40:58,86.110.118.102
2018-03-02 11:19:54,92.53.90.11
2018-02-27 00:29:14,92.63.197.19
2018-02-24 04:23:36,93.171.138.195
2018-03-22 06:52:22,94.23.20.210
2018-03-31 11:04:47,95.47.137.169
